data_source_id,procedure_code_id_source,procedure_code_category_id_reference
1,1004860|~|2,1
1,715|~|2,1
1,1002134|~|2,1
1,1002910|~|2,1
1,1003051|~|2,1
1,1002975|~|2,1
1,1003006|~|2,1
1,1002911|~|2,1
1,1002925|~|2,1
1,1002927|~|2,1
1,1003018|~|2,1
1,1002915|~|2,1
1,1003109|~|2,1
1,1003014|~|2,1
1,1002961|~|2,1
1,1002977|~|2,5
1,1002978|~|2,5
1,1003086|~|2,5
1,674|~|2,1
1,1002907|~|2,1
1,1003114|~|2,1
1,1027|~|2,1
1,676|~|2,1
1,1026|~|2,1
1,1002909|~|2,1
1,1003115|~|2,1
1,713|~|2,1
1,1002135|~|2,1
1,1003001|~|2,1
1,619|~|2,1
1,1002953|~|2,1
1,1072|~|2,1
1,1003019|~|2,5
1,1002957|~|2,1
1,1003180|~|2,1
1,1004940|~|2,1
1,1004856|~|2,1
1,1004942|~|2,1
1,1004859|~|2,1
1,1004944|~|2,1
1,1002949|~|2,1
1,1004864|~|2,1
1,1004946|~|2,1
1,1004948|~|2,1
1,1004950|~|2,1
1,1004867|~|2,1
1,1004952|~|2,1
1,1004869|~|2,1
1,1004953|~|2,1
1,1004955|~|2,1
1,1004872|~|2,1
1,1004956|~|2,1
1,1004957|~|2,1
1,1004875|~|2,1
1,1004958|~|2,1
1,1004878|~|2,1
1,1004959|~|2,1
1,1004960|~|2,1
1,1003020|~|2,1
1,1003112|~|2,1
1,1004881|~|2,1
1,1004884|~|2,1
1,1004887|~|2,1
1,1004890|~|2,1
1,1004893|~|2,1
1,1004896|~|2,1
1,1004898|~|2,1
1,1004900|~|2,1
1,1003040|~|2,1
1,1004902|~|2,1
1,1004904|~|2,1
1,1004905|~|2,1
1,1004907|~|2,1
1,1004909|~|2,1
1,1004912|~|2,1
1,1004913|~|2,1
1,1003041|~|2,1
1,1004914|~|2,1
1,1004916|~|2,1
1,1004917|~|2,1
1,1004918|~|2,1
1,1004919|~|2,1
1,1004921|~|2,1
1,1004923|~|2,1
1,1004924|~|2,1
1,1004925|~|2,1
1,1004926|~|2,1
1,1003023|~|2,1
1,1003116|~|2,1
1,1004927|~|2,1
1,1004928|~|2,1
1,1004929|~|2,1
1,1004930|~|2,1
1,1004931|~|2,1
1,1004932|~|2,1
1,1004933|~|2,1
1,1004934|~|2,1
1,1004935|~|2,1
1,1004936|~|2,1
1,1003055|~|2,1
1,1004937|~|2,1
1,1004938|~|2,1
1,1004939|~|2,1
1,1004941|~|2,1
1,1004943|~|2,1
1,1004945|~|2,1
1,1004947|~|2,1
1,1004949|~|2,1
1,1004951|~|2,1
1,1003029|~|2,1
1,1002974|~|2,1
1,1003024|~|2,1
1,1004954|~|2,1
1,1003064|~|2,1
1,1003127|~|2,1
1,1002943|~|2,1
1,1002935|~|2,1
1,1002912|~|2,1
1,1002136|~|2,1
1,1002403|~|2,1
1,1002559|~|2,1
1,612|~|2,1
1,1002560|~|2,1
1,1002404|~|2,1
1,1002405|~|2,1
1,1002406|~|2,1
1,1002407|~|2,1
1,1082|~|2,1
1,1002561|~|2,1
1,1006146|~|2,1
1,1002137|~|2,1
1,1071|~|2,1
1,2|~|2,1
1,1000312|~|2,1
1,1003874|~|2,1
1,1004078|~|2,1
1,1000927|~|2,1
1,1002138|~|2,1
1,1002815|~|2,1
1,1002952|~|2,1
1,1003070|~|2,1
1,1081|~|2,1
1,1002611|~|2,1
1,1002816|~|2,1
1,1003092|~|2,1
1,397|~|2,1
1,1000315|~|2,1
1,1003875|~|2,1
1,1004079|~|2,1
1,1000625|~|2,1
1,1000928|~|2,1
1,1003042|~|2,1
1,175|~|2,1
1,1003849|~|2,1
1,1003876|~|2,1
1,1000929|~|2,1
1,1003093|~|2,1
1,3|~|2,1
1,1000296|~|2,1
1,1003877|~|2,1
1,1004081|~|2,1
1,1000930|~|2,1
1,1004965|~|2,1
1,1002139|~|2,1
1,469|~|2,1
1,1003850|~|2,1
1,1004082|~|2,1
1,1000931|~|2,1
1,1002140|~|2,1
1,1002141|~|2,1
1,1002142|~|2,1
1,1000001|~|2,1
1,1004373|~|2,1
1,1003928|~|2,1
1,1004083|~|2,1
1,1000932|~|2,1
1,679|~|2,1
1,1004420|~|2,1
1,1004470|~|2,1
1,1000933|~|2,1
1,1002143|~|2,1
1,1002199|~|2,1
1,1000002|~|2,1
1,1003851|~|2,1
1,1003879|~|2,1
1,1000934|~|2,1
1,1002200|~|2,1
1,259|~|2,1
1,1002144|~|2,1
1,270|~|2,1
1,1002202|~|2,1
1,1002145|~|2,1
1,1002146|~|2,1
1,1004967|~|2,1
1,1000937|~|2,1
1,1004969|~|2,1
1,1004970|~|2,1
1,1004971|~|2,1
1,1004973|~|2,1
1,4|~|2,1
1,1000307|~|2,1
1,1003880|~|2,1
1,1000938|~|2,1
1,1002956|~|2,1
1,1004974|~|2,1
1,1003589|~|2,1
1,29|~|2,1
1,1000308|~|2,1
1,1003881|~|2,1
1,1004085|~|2,1
1,1002796|~|2,1
1,1000939|~|2,1
1,30|~|2,1
1,1000309|~|2,1
1,1003882|~|2,1
1,1004086|~|2,1
1,1000940|~|2,1
1,31|~|2,1
1,1003852|~|2,1
1,1004087|~|2,1
1,1000941|~|2,1
1,32|~|2,1
1,1003929|~|2,1
1,1000942|~|2,1
1,732|~|2,1
1,33|~|2,1
1,34|~|2,1
1,1001524|~|2,1
1,1003884|~|2,1
1,1004090|~|2,1
1,1000945|~|2,1
1,35|~|2,1
1,1001525|~|2,1
1,1003885|~|2,1
1,1000946|~|2,1
1,48|~|2,1
1,1003853|~|2,1
1,1003886|~|2,1
1,1000947|~|2,1
1,37|~|2,1
1,1000297|~|2,1
1,1003887|~|2,1
1,1000948|~|2,1
1,794|~|2,1
1,1000003|~|2,1
1,36|~|2,1
1,1003854|~|2,1
1,1002937|~|2,1
1,467|~|2,1
1,40|~|2,1
1,41|~|2,1
1,409|~|2,1
1,1004963|~|2,1
1,42|~|2,1
1,1000298|~|2,1
1,1003890|~|2,1
1,1003949|~|2,1
1,1000955|~|2,1
1,43|~|2,1
1,1000956|~|2,1
1,1006145|~|2,1
1,1000004|~|2,1
1,1003951|~|2,1
1,1000957|~|2,1
1,645|~|2,1
1,1003026|~|2,1
1,1003118|~|2,1
1,78|~|2,1
1,1000958|~|2,1
1,87|~|2,1
1,88|~|2,1
1,108|~|2,1
1,1004073|~|2,1
1,1004096|~|2,1
1,1004477|~|2,1
1,1000961|~|2,1
1,137|~|2,1
1,1004097|~|2,1
1,1004478|~|2,1
1,1000962|~|2,1
1,140|~|2,1
1,1004098|~|2,1
1,1004479|~|2,1
1,1000963|~|2,1
1,149|~|2,1
1,1004423|~|2,1
1,1004099|~|2,1
1,1000964|~|2,1
1,154|~|2,1
1,1000965|~|2,1
1,1133|~|2,1
1,527|~|2,1
1,1000969|~|2,1
1,526|~|2,1
1,1000970|~|2,1
1,528|~|2,1
1,1000971|~|2,1
1,529|~|2,1
1,1000972|~|2,1
1,530|~|2,1
1,532|~|2,1
1,1134|~|2,1
1,1135|~|2,1
1,1136|~|2,1
1,292|~|2,1
1,1004432|~|2,1
1,1000976|~|2,1
1,274|~|2,1
1,1000977|~|2,1
1,535|~|2,1
1,1000979|~|2,1
1,1003192|~|2,1
1,1002908|~|2,1
1,1003099|~|2,1
1,1003059|~|2,1
1,1003123|~|2,1
1,1003124|~|2,1
1,1003061|~|2,1
1,1003125|~|2,1
1,1000284|~|2,1
1,1000267|~|2,1
1,45|~|2,1
1,1000160|~|2,1
1,1000161|~|2,1
1,1000122|~|2,1
1,734|~|2,1
1,44|~|2,1
1,1000123|~|2,1
1,1000992|~|2,1
1,1003054|~|2,1
1,46|~|2,1
1,1004489|~|2,1
1,1000993|~|2,1
1,1004798|~|2,1
1,47|~|2,1
1,1000994|~|2,1
1,1004797|~|2,1
1,593|~|2,1
1,1002592|~|2,1
1,1000995|~|2,1
1,1004796|~|2,1
1,1000005|~|2,1
1,1000007|~|2,1
1,1000124|~|2,1
1,1000129|~|2,1
1,1000132|~|2,1
1,1000133|~|2,1
1,1001009|~|2,1
1,1000184|~|2,1
1,750|~|2,1
1,1000662|~|2,1
1,1002938|~|2,1
1,1003100|~|2,1
1,594|~|2,1
1,50|~|2,1
1,1004975|~|2,1
1,1004976|~|2,1
1,1002964|~|2,5
1,1002965|~|2,1
1,1003069|~|2,5
1,1002920|~|2,1
1,1003101|~|2,1
1,773|~|2,1
1,534|~|2,1
1,536|~|2,1
1,537|~|2,1
1,1001576|~|2,1
1,1007|~|2,1
1,1004977|~|2,1
1,1004865|~|2,1
1,1004978|~|2,1
1,1002940|~|2,1
1,1001578|~|2,1
1,1001579|~|2,1
1,1001580|~|2,1
1,1001581|~|2,1
1,1001582|~|2,1
1,1001583|~|2,1
1,1001584|~|2,1
1,1001585|~|2,1
1,1001586|~|2,1
1,1002177|~|2,1
1,1002936|~|2,1
1,1127|~|2,1
1,1128|~|2,1
1,1129|~|2,1
1,1002941|~|2,1
1,1004964|~|2,1
1,1004966|~|2,1
1,1004968|~|2,1
1,1004980|~|2,1
1,1004982|~|2,1
1,1004984|~|2,1
1,1004986|~|2,1
1,643|~|2,1
1,51|~|2,1
1,1001018|~|2,1
1,1002916|~|2,1
1,1002918|~|2,1
1,1004793|~|2,1
1,1002976|~|2,1
1,1002942|~|2,1
1,1003105|~|2,1
1,922|~|2,1
1,1006143|~|2,1
1,1003590|~|2,1
1,1003591|~|2,1
1,1004988|~|2,1
1,1004990|~|2,1
1,758|~|2,1
1,759|~|2,1
1,1002945|~|2,1
1,1003106|~|2,1
1,1002906|~|2,1
1,1004870|~|2,1
1,5|~|2,1
1,1000299|~|2,1
1,1002208|~|2,1
1,1004103|~|2,1
1,1004792|~|2,1
1,1001019|~|2,1
1,1002817|~|2,1
1,1002197|~|2,1
1,1003592|~|2,1
1,1003593|~|2,1
1,6|~|2,1
1,1000300|~|2,1
1,1001020|~|2,1
1,1003594|~|2,1
1,785|~|2,1
1,1002946|~|2,1
1,1003107|~|2,1
1,1002408|~|2,1
1,7|~|2,1
1,1002594|~|2,1
1,1002409|~|2,1
1,52|~|2,1
1,1002595|~|2,1
1,1000632|~|2,1
1,53|~|2,1
1,1002596|~|2,1
1,1002818|~|2,1
1,8|~|2,1
1,1002597|~|2,1
1,1000634|~|2,1
1,308|~|2,1
1,1000310|~|2,1
1,1004425|~|2,1
1,1004105|~|2,1
1,1000635|~|2,1
1,1004791|~|2,1
1,1002562|~|2,1
1,321|~|2,1
1,1003986|~|2,1
1,1003987|~|2,1
1,1000636|~|2,1
1,1003043|~|2,1
1,1003596|~|2,1
1,1006142|~|2,1
1,1002950|~|2,1
1,1003098|~|2,1
1,54|~|2,1
1,470|~|2,1
1,55|~|2,1
1,1003935|~|2,1
1,1000639|~|2,1
1,1002600|~|2,1
1,582|~|2,1
1,56|~|2,1
1,1003856|~|2,1
1,1003936|~|2,1
1,1000641|~|2,1
1,1002819|~|2,1
1,1000164|~|2,1
1,1003943|~|2,1
1,1000204|~|2,1
1,1000643|~|2,1
1,735|~|2,1
1,1004406|~|2,1
1,1004790|~|2,1
1,1000644|~|2,1
1,1001588|~|2,1
1,1002954|~|2,1
1,1003120|~|2,1
1,1002971|~|2,1
1,1003121|~|2,1
1,1003598|~|2,1
1,57|~|2,1
1,1003857|~|2,1
1,1000645|~|2,1
1,1002820|~|2,1
1,58|~|2,1
1,1003858|~|2,1
1,1000268|~|2,1
1,1004070|~|2,1
1,1000269|~|2,1
1,1004071|~|2,1
1,59|~|2,1
1,1003859|~|2,1
1,60|~|2,1
1,1003860|~|2,1
1,1000271|~|2,1
1,1000270|~|2,1
1,1003599|~|2,1
1,61|~|2,1
1,1003861|~|2,1
1,1000344|~|2,1
1,1000345|~|2,1
1,1000346|~|2,1
1,337|~|2,1
1,1000347|~|2,1
1,1000348|~|2,1
1,1000349|~|2,1
1,1003600|~|2,1
1,774|~|2,1
1,1004789|~|2,1
1,1002972|~|2,1
1,1004788|~|2,1
1,1004787|~|2,1
1,1004786|~|2,1
1,1004785|~|2,1
1,1004784|~|2,1
1,1004782|~|2,1
1,1004781|~|2,1
1,1004780|~|2,1
1,1004779|~|2,1
1,1004778|~|2,1
1,1004777|~|2,1
1,1004776|~|2,1
1,1002230|~|2,1
1,1004775|~|2,1
1,1004774|~|2,1
1,1004773|~|2,1
1,1004772|~|2,1
1,1004771|~|2,1
1,1004770|~|2,1
1,1003601|~|2,1
1,769|~|2,1
1,1004360|~|2,1
1,1000658|~|2,1
1,1004769|~|2,1
1,1004768|~|2,1
1,1003021|~|2,1
1,1001608|~|2,1
1,1003017|~|2,1
1,1003016|~|2,1
1,1002410|~|2,1
1,1002967|~|2,1
1,1002411|~|2,1
1,1004995|~|2,1
1,1002955|~|2,1
1,1000202|~|2,1
1,1003063|~|2,1
1,1003053|~|2,1
1,1003122|~|2,1
1,1000200|~|2,1
1,1001021|~|2,1
1,588|~|2,1
1,597|~|2,1
1,13|~|2,1
1,1003863|~|2,1
1,14|~|2,1
1,1003864|~|2,1
1,1002822|~|2,1
1,15|~|2,1
1,1003865|~|2,1
1,16|~|2,1
1,1003866|~|2,1
1,1002412|~|2,1
1,1003602|~|2,1
1,1003603|~|2,1
1,1002413|~|2,1
1,1002414|~|2,1
1,1002415|~|2,1
1,1002416|~|2,1
1,1002948|~|2,1
1,339|~|2,1
1,1003606|~|2,1
1,1003608|~|2,1
1,1004997|~|2,1
1,1003609|~|2,1
1,1003610|~|2,1
1,1003611|~|2,1
1,1002973|~|2,1
1,1002417|~|2,1
1,1002418|~|2,1
1,113|~|2,1
1,1003867|~|2,1
1,1001027|~|2,1
1,114|~|2,1
1,1003868|~|2,1
1,1001028|~|2,1
1,115|~|2,1
1,1003869|~|2,1
1,1001029|~|2,1
1,1003612|~|2,1
1,1002419|~|2,1
1,116|~|2,1
1,1003870|~|2,1
1,1004767|~|2,1
1,1001030|~|2,1
1,642|~|2,1
1,1106|~|2,1
1,1002420|~|2,1
1,1110|~|2,1
1,1002421|~|2,1
1,1002422|~|2,1
1,1002423|~|2,1
1,1003614|~|2,1
1,1000203|~|2,1
1,1000201|~|2,1
1,1001032|~|2,1
1,1000199|~|2,1
1,1001033|~|2,1
1,698|~|2,1
1,1002181|~|2,1
1,701|~|2,1
1,1002182|~|2,1
1,1099|~|2,1
1,704|~|2,1
1,702|~|2,1
1,1004766|~|2,1
1,1002905|~|2,1
1,1003095|~|2,1
1,1000009|~|2,1
1,1003871|~|2,1
1,1001034|~|2,1
1,1000010|~|2,1
1,1003872|~|2,1
1,1000486|~|2,1
1,1001035|~|2,1
1,1004876|~|2,1
1,1004999|~|2,1
1,1000011|~|2,1
1,1003873|~|2,1
1,1000487|~|2,1
1,1001036|~|2,1
1,1004879|~|2,1
1,1004981|~|2,1
1,1005001|~|2,1
1,1000012|~|2,1
1,1003976|~|2,1
1,1000488|~|2,1
1,1001037|~|2,1
1,1004882|~|2,1
1,1004983|~|2,1
1,1005003|~|2,1
1,1000013|~|2,1
1,1003980|~|2,1
1,1000489|~|2,1
1,1001038|~|2,1
1,1004885|~|2,1
1,1005004|~|2,1
1,1003034|~|2,1
1,117|~|2,1
1,118|~|2,1
1,119|~|2,1
1,1003052|~|2,1
1,1006092|~|2,1
1,120|~|2,1
1,121|~|2,1
1,122|~|2,1
1,1003618|~|2,1
1,551|~|2,1
1,1002424|~|2,1
1,1001045|~|2,1
1,1000014|~|2,1
1,123|~|2,1
1,471|~|2,1
1,1001048|~|2,1
1,1001296|~|2,1
1,124|~|2,1
1,1000499|~|2,1
1,125|~|2,1
1,1000500|~|2,1
1,1001050|~|2,1
1,126|~|2,1
1,1001299|~|2,1
1,552|~|2,1
1,1002425|~|2,1
1,1004765|~|2,1
1,411|~|2,1
1,1000502|~|2,1
1,1001053|~|2,1
1,472|~|2,1
1,1001054|~|2,1
1,473|~|2,1
1,1000504|~|2,1
1,1001055|~|2,1
1,1002564|~|2,1
1,412|~|2,1
1,413|~|2,1
1,414|~|2,1
1,1001305|~|2,1
1,1002196|~|2,1
1,1003072|~|2,1
1,553|~|2,1
1,1002426|~|2,1
1,415|~|2,1
1,474|~|2,1
1,475|~|2,1
1,1002427|~|2,1
1,1002428|~|2,1
1,1002429|~|2,1
1,625|~|2,1
1,63|~|2,1
1,1002430|~|2,1
1,1000134|~|2,1
1,64|~|2,1
1,65|~|2,1
1,66|~|2,1
1,67|~|2,1
1,1003088|~|2,1
1,1000515|~|2,1
1,1001067|~|2,1
1,1002183|~|2,1
1,1002209|~|2,1
1,1002565|~|2,1
1,68|~|2,1
1,1000516|~|2,1
1,1001068|~|2,1
1,1001314|~|2,1
1,1002823|~|2,1
1,1002824|~|2,1
1,1002825|~|2,1
1,1002826|~|2,1
1,1002827|~|2,1
1,1002828|~|2,1
1,1002829|~|2,1
1,69|~|2,1
1,1001661|~|2,1
1,1002830|~|2,1
1,1002831|~|2,1
1,70|~|2,1
1,1000518|~|2,1
1,1001070|~|2,1
1,1001316|~|2,1
1,1004908|~|2,1
1,1000350|~|2,1
1,1002210|~|2,1
1,1001662|~|2,1
1,1000015|~|2,1
1,1000016|~|2,1
1,1000017|~|2,1
1,1000018|~|2,1
1,1000523|~|2,1
1,71|~|2,1
1,72|~|2,1
1,73|~|2,1
1,1000135|~|2,1
1,1002431|~|2,1
1,1000019|~|2,1
1,1001080|~|2,1
1,1006|~|2,1
1,554|~|2,1
1,1002432|~|2,1
1,1001081|~|2,1
1,1003619|~|2,1
1,1002433|~|2,1
1,1004764|~|2,1
1,1002434|~|2,1
1,1003621|~|2,1
1,1003622|~|2,1
1,1002435|~|2,1
1,1002436|~|2,1
1,128|~|2,1
1,1001082|~|2,1
1,1005014|~|2,1
1,1000136|~|2,1
1,1001083|~|2,1
1,129|~|2,1
1,1004003|~|2,1
1,1001084|~|2,1
1,1000205|~|2,1
1,1005015|~|2,1
1,1001589|~|2,1
1,358|~|2,1
1,130|~|2,1
1,1003923|~|2,1
1,1001086|~|2,1
1,131|~|2,1
1,1003924|~|2,1
1,1001087|~|2,1
1,132|~|2,1
1,1001088|~|2,1
1,416|~|2,1
1,1000137|~|2,1
1,133|~|2,1
1,1004376|~|2,1
1,1004762|~|2,1
1,1001091|~|2,1
1,555|~|2,1
1,1001092|~|2,1
1,556|~|2,1
1,134|~|2,1
1,1004761|~|2,1
1,1001094|~|2,1
1,135|~|2,1
1,136|~|2,1
1,1001096|~|2,1
1,1000020|~|2,1
1,138|~|2,1
1,1001098|~|2,1
1,476|~|2,1
1,1001099|~|2,1
1,710|~|2,1
1,1002437|~|2,1
1,1000021|~|2,1
1,139|~|2,1
1,1000532|~|2,1
1,1001101|~|2,1
1,1001330|~|2,1
1,388|~|2,1
1,387|~|2,1
1,1000534|~|2,1
1,1001103|~|2,1
1,1001332|~|2,1
1,1002438|~|2,1
1,1005016|~|2,1
1,1002439|~|2,1
1,1004759|~|2,1
1,1004758|~|2,1
1,359|~|2,1
1,1001104|~|2,1
1,1002832|~|2,1
1,1000138|~|2,1
1,1002211|~|2,1
1,1000139|~|2,1
1,1001899|~|2,1
1,141|~|2,1
1,1004756|~|2,1
1,1001106|~|2,1
1,360|~|2,1
1,368|~|2,1
1,369|~|2,1
1,1001109|~|2,1
1,1004755|~|2,1
1,1004754|~|2,1
1,1002771|~|2,1
1,533|~|2,1
1,1004491|~|2,1
1,1001905|~|2,1
1,1004753|~|2,1
1,1004752|~|2,1
1,650|~|2,1
1,651|~|2,1
1,1004751|~|2,1
1,668|~|2,1
1,653|~|2,1
1,142|~|2,1
1,1001111|~|2,1
1,1004750|~|2,1
1,1003044|~|2,1
1,923|~|2,1
1,1005017|~|2,1
1,1004749|~|2,1
1,1000663|~|2,1
1,143|~|2,1
1,1000664|~|2,1
1,144|~|2,1
1,1000665|~|2,1
1,145|~|2,1
1,1003925|~|2,1
1,1000666|~|2,1
1,1000022|~|2,1
1,1000667|~|2,1
1,1000162|~|2,1
1,1003324|~|2,1
1,1003325|~|2,1
1,1003326|~|2,1
1,1003623|~|2,1
1,1003625|~|2,1
1,477|~|2,1
1,1000669|~|2,1
1,478|~|2,1
1,1000670|~|2,1
1,1100|~|2,1
1,615|~|2,1
1,1000671|~|2,1
1,75|~|2,1
1,1000672|~|2,1
1,1002833|~|2,1
1,1002834|~|2,1
1,1000673|~|2,1
1,76|~|2,1
1,1000674|~|2,1
1,77|~|2,1
1,1000676|~|2,1
1,1003039|~|2,1
1,1002835|~|2,1
1,1000023|~|2,1
1,1000677|~|2,1
1,1000024|~|2,1
1,1000678|~|2,1
1,1000025|~|2,1
1,760|~|2,1
1,557|~|2,1
1,1002440|~|2,1
1,1004747|~|2,1
1,742|~|2,1
1,417|~|2,1
1,1000681|~|2,1
1,418|~|2,1
1,1000682|~|2,1
1,419|~|2,1
1,1006140|~|2,1
1,1000683|~|2,1
1,1002836|~|2,1
1,1003626|~|2,1
1,127|~|2,1
1,420|~|2,1
1,421|~|2,1
1,1000165|~|2,1
1,558|~|2,1
1,560|~|2,1
1,561|~|2,1
1,1005018|~|2,1
1,146|~|2,1
1,1004331|~|2,1
1,1000691|~|2,1
1,1107|~|2,1
1,147|~|2,1
1,1000692|~|2,1
1,422|~|2,1
1,1000693|~|2,1
1,423|~|2,1
1,1000694|~|2,1
1,562|~|2,1
1,1000695|~|2,1
1,548|~|2,1
1,1000696|~|2,1
1,549|~|2,1
1,148|~|2,1
1,1000698|~|2,1
1,550|~|2,1
1,563|~|2,1
1,338|~|2,1
1,150|~|2,1
1,151|~|2,1
1,424|~|2,1
1,1001590|~|2,1
1,1001591|~|2,1
1,1001592|~|2,1
1,1001593|~|2,1
1,1001594|~|2,1
1,1001595|~|2,1
1,1003628|~|2,1
1,1003629|~|2,1
1,1003630|~|2,1
1,1003631|~|2,1
1,1003632|~|2,1
1,1002951|~|2,1
1,152|~|2,1
1,1008|~|2,1
1,153|~|2,1
1,155|~|2,1
1,1000707|~|2,1
1,1000708|~|2,1
1,709|~|2,1
1,1002603|~|2,1
1,1000709|~|2,1
1,1003633|~|2,1
1,1002573|~|2,1
1,1002837|~|2,1
1,1002838|~|2,1
1,1002839|~|2,1
1,1002840|~|2,1
1,1002841|~|2,1
1,1001906|~|2,1
1,1002843|~|2,1
1,1002579|~|2,1
1,564|~|2,1
1,1002441|~|2,1
1,1001907|~|2,1
1,1002442|~|2,1
1,1000711|~|2,1
1,157|~|2,1
1,1000712|~|2,1
1,1003035|~|2,1
1,1002443|~|2,1
1,1003327|~|2,1
1,1002444|~|2,1
1,1004745|~|2,1
1,1002445|~|2,1
1,391|~|2,1
1,1002960|~|2,1
1,1003097|~|2,1
1,158|~|2,1
1,1003892|~|2,1
1,159|~|2,1
1,1003893|~|2,1
1,1004475|~|2,1
1,1000393|~|2,1
1,392|~|2,1
1,1003988|~|2,1
1,1000394|~|2,1
1,641|~|2,1
1,1002446|~|2,1
1,1003635|~|2,1
1,1003328|~|2,5
1,1003329|~|2,5
1,1003330|~|2,1
1,1003331|~|2,5
1,1003332|~|2,1
1,1003333|~|2,5
1,1003334|~|2,1
1,1003335|~|2,5
1,1003336|~|2,5
1,1003337|~|2,5
1,1003338|~|2,1
1,1003339|~|2,5
1,1003340|~|2,1
1,1003341|~|2,5
1,1003342|~|2,1
1,1028|~|2,1
1,1002447|~|2,1
1,393|~|2,1
1,394|~|2,1
1,161|~|2,1
1,1003894|~|2,1
1,1000398|~|2,1
1,1000026|~|2,1
1,1003918|~|2,1
1,1000399|~|2,1
1,1000027|~|2,1
1,1003895|~|2,1
1,1004383|~|2,1
1,1002962|~|2,1
1,425|~|2,1
1,1003896|~|2,1
1,1004385|~|2,1
1,1000401|~|2,1
1,565|~|2,1
1,1004744|~|2,1
1,1003636|~|2,1
1,1101|~|2,1
1,1002448|~|2,1
1,162|~|2,1
1,1003897|~|2,1
1,1000403|~|2,1
1,1000028|~|2,1
1,1003898|~|2,1
1,1000404|~|2,1
1,1004743|~|2,1
1,640|~|2,1
1,1002449|~|2,1
1,1000405|~|2,1
1,1004742|~|2,1
1,163|~|2,1
1,1003899|~|2,1
1,1004382|~|2,1
1,1000406|~|2,1
1,164|~|2,1
1,1003900|~|2,1
1,1000407|~|2,1
1,1000029|~|2,1
1,1003772|~|2,1
1,1004492|~|2,1
1,1000408|~|2,1
1,479|~|2,1
1,1003901|~|2,1
1,1004110|~|2,1
1,1002589|~|2,1
1,1000409|~|2,1
1,480|~|2,1
1,1003902|~|2,1
1,1004353|~|2,1
1,1000410|~|2,1
1,1000030|~|2,1
1,165|~|2,1
1,1003903|~|2,1
1,1004366|~|2,1
1,1000412|~|2,1
1,166|~|2,1
1,1002450|~|2,1
1,1000413|~|2,1
1,566|~|2,1
1,427|~|2,1
1,1003904|~|2,1
1,1000415|~|2,1
1,481|~|2,1
1,1000416|~|2,1
1,1000031|~|2,1
1,1000417|~|2,1
1,1000032|~|2,1
1,400|~|2,1
1,1003990|~|2,1
1,402|~|2,1
1,1003989|~|2,1
1,1000419|~|2,1
1,736|~|2,1
1,1004393|~|2,1
1,1000420|~|2,1
1,737|~|2,1
1,1000421|~|2,1
1,168|~|2,1
1,169|~|2,1
1,1004384|~|2,1
1,1010|~|2,1
1,1011|~|2,1
1,567|~|2,1
1,568|~|2,1
1,1000425|~|2,1
1,1002198|~|2,1
1,1002451|~|2,1
1,171|~|2,1
1,1004501|~|2,1
1,1003907|~|2,1
1,1001878|~|2,1
1,1000426|~|2,1
1,1000033|~|2,1
1,1003908|~|2,1
1,1001879|~|2,1
1,1000427|~|2,1
1,1002578|~|2,1
1,570|~|2,1
1,1002606|~|2,1
1,1000428|~|2,1
1,771|~|2,1
1,1004025|~|2,1
1,1000429|~|2,1
1,170|~|2,1
1,1004498|~|2,1
1,1003909|~|2,1
1,1000430|~|2,1
1,1002452|~|2,1
1,571|~|2,1
1,1002453|~|2,1
1,1002454|~|2,1
1,1002455|~|2,1
1,1002456|~|2,1
1,1002457|~|2,1
1,482|~|2,1
1,1003910|~|2,1
1,1000432|~|2,1
1,1004741|~|2,1
1,1029|~|2,1
1,1002458|~|2,1
1,1004740|~|2,1
1,1003344|~|2,1
1,1030|~|2,1
1,1031|~|2,1
1,1002185|~|2,1
1,1034|~|2,1
1,172|~|2,1
1,1003911|~|2,1
1,1001877|~|2,1
1,1000433|~|2,1
1,1003638|~|2,1
1,1003639|~|2,1
1,1003640|~|2,1
1,173|~|2,1
1,1000185|~|2,1
1,1003754|~|2,1
1,1004032|~|2,1
1,1000435|~|2,1
1,1003641|~|2,1
1,1003642|~|2,1
1,1003643|~|2,1
1,1002459|~|2,1
1,1004738|~|2,1
1,1004737|~|2,1
1,1004736|~|2,1
1,1002460|~|2,1
1,1004735|~|2,1
1,1004733|~|2,1
1,174|~|2,1
1,1004732|~|2,1
1,601|~|2,1
1,1000436|~|2,1
1,1005032|~|2,1
1,1005033|~|2,1
1,1005119|~|2,1
1,924|~|2,1
1,661|~|2,1
1,925|~|2,1
1,1002844|~|2,1
1,887|~|2,1
1,926|~|2,1
1,888|~|2,1
1,927|~|2,1
1,889|~|2,1
1,573|~|2,1
1,685|~|2,1
1,1002845|~|2,1
1,1002846|~|2,1
1,1002847|~|2,1
1,1002848|~|2,1
1,1002849|~|2,1
1,1002850|~|2,1
1,1002851|~|2,1
1,1002852|~|2,1
1,1002853|~|2,1
1,1002854|~|2,1
1,673|~|2,1
1,1002855|~|2,1
1,654|~|2,1
1,655|~|2,1
1,657|~|2,1
1,656|~|2,1
1,1005122|~|2,1
1,79|~|2,1
1,1000713|~|2,1
1,1005125|~|2,1
1,1005128|~|2,1
1,1005131|~|2,1
1,1005134|~|2,1
1,1005036|~|2,1
1,80|~|2,1
1,1002574|~|2,1
1,1002575|~|2,1
1,634|~|2,1
1,1002186|~|2,1
1,81|~|2,1
1,1000715|~|2,1
1,1002856|~|2,1
1,1002857|~|2,1
1,82|~|2,1
1,1000716|~|2,1
1,1003644|~|2,1
1,1003645|~|2,1
1,1003345|~|2,1
1,1002461|~|2,1
1,83|~|2,1
1,1000717|~|2,1
1,84|~|2,1
1,1000718|~|2,1
1,85|~|2,1
1,86|~|2,1
1,1000720|~|2,1
1,538|~|2,1
1,1000721|~|2,1
1,539|~|2,1
1,1003649|~|2,1
1,727|~|2,1
1,1000723|~|2,1
1,728|~|2,1
1,1000724|~|2,1
1,729|~|2,1
1,730|~|2,1
1,1000140|~|2,1
1,1000727|~|2,1
1,1000141|~|2,1
1,1000728|~|2,1
1,1012|~|2,1
1,1013|~|2,1
1,1002462|~|2,1
1,1002463|~|2,1
1,1002464|~|2,1
1,1002465|~|2,1
1,1002466|~|2,1
1,176|~|2,1
1,1000272|~|2,1
1,1000729|~|2,1
1,1000273|~|2,1
1,1000351|~|2,1
1,1000352|~|2,1
1,1002467|~|2,1
1,1003652|~|2,1
1,1003653|~|2,1
1,1003654|~|2,1
1,1003655|~|2,1
1,177|~|2,1
1,1000733|~|2,1
1,178|~|2,1
1,1000734|~|2,1
1,179|~|2,1
1,1000735|~|2,1
1,180|~|2,1
1,1000736|~|2,1
1,181|~|2,1
1,1000737|~|2,1
1,1004729|~|2,1
1,1000250|~|2,1
1,1000738|~|2,1
1,1000251|~|2,1
1,1000739|~|2,1
1,1004728|~|2,1
1,182|~|2,1
1,1000740|~|2,1
1,1002468|~|2,1
1,1002469|~|2,1
1,1002470|~|2,1
1,183|~|2,1
1,1000741|~|2,1
1,1004727|~|2,1
1,1000277|~|2,1
1,1000742|~|2,1
1,1000278|~|2,1
1,1000743|~|2,1
1,184|~|2,1
1,1000744|~|2,1
1,1004726|~|2,1
1,1000279|~|2,1
1,1000280|~|2,1
1,185|~|2,1
1,1000747|~|2,1
1,186|~|2,1
1,1000748|~|2,1
1,1002471|~|2,1
1,187|~|2,1
1,1000749|~|2,1
1,1002472|~|2,1
1,188|~|2,1
1,1000750|~|2,1
1,1002473|~|2,1
1,1000034|~|2,1
1,1000751|~|2,1
1,1000035|~|2,1
1,1086|~|2,1
1,1002474|~|2,1
1,540|~|2,1
1,501|~|2,1
1,1002475|~|2,1
1,502|~|2,1
1,503|~|2,1
1,504|~|2,1
1,505|~|2,1
1,506|~|2,1
1,189|~|2,1
1,1000754|~|2,1
1,190|~|2,1
1,191|~|2,1
1,192|~|2,1
1,1014|~|2,1
1,193|~|2,1
1,1000758|~|2,1
1,1004725|~|2,1
1,194|~|2,1
1,1000759|~|2,1
1,195|~|2,1
1,1000760|~|2,1
1,196|~|2,1
1,1000761|~|2,1
1,197|~|2,1
1,1000762|~|2,1
1,1004721|~|2,1
1,198|~|2,1
1,1000763|~|2,1
1,1004720|~|2,1
1,199|~|2,1
1,1000764|~|2,1
1,200|~|2,1
1,1000765|~|2,1
1,1005150|~|2,1
1,1005019|~|2,1
1,1015|~|2,1
1,240|~|2,1
1,1000766|~|2,1
1,241|~|2,1
1,242|~|2,1
1,1000768|~|2,1
1,243|~|2,1
1,1000769|~|2,1
1,244|~|2,1
1,428|~|2,1
1,639|~|2,1
1,1003656|~|2,1
1,245|~|2,1
1,1004717|~|2,1
1,246|~|2,1
1,1002476|~|2,1
1,1004716|~|2,1
1,247|~|2,1
1,1000775|~|2,1
1,516|~|2,1
1,348|~|2,1
1,1004714|~|2,1
1,1004713|~|2,1
1,1004712|~|2,1
1,1004711|~|2,1
1,1000777|~|2,1
1,1000208|~|2,1
1,1000778|~|2,1
1,541|~|2,1
1,1000036|~|2,1
1,1000780|~|2,1
1,1004710|~|2,1
1,1000037|~|2,1
1,1000274|~|2,1
1,1000782|~|2,1
1,1002477|~|2,1
1,1002478|~|2,1
1,1004709|~|2,1
1,1002479|~|2,1
1,1002480|~|2,1
1,1002481|~|2,1
1,1004708|~|2,1
1,1004707|~|2,1
1,1004706|~|2,1
1,1005043|~|2,1
1,1005044|~|2,1
1,1005045|~|2,1
1,1005046|~|2,1
1,1002482|~|2,1
1,248|~|2,1
1,1004705|~|2,1
1,1000783|~|2,1
1,1005047|~|2,1
1,249|~|2,1
1,251|~|2,1
1,252|~|2,1
1,257|~|2,1
1,260|~|2,1
1,262|~|2,1
1,437|~|2,1
1,438|~|2,1
1,1003657|~|2,1
1,267|~|2,1
1,439|~|2,1
1,740|~|2,1
1,1002483|~|2,1
1,277|~|2,1
1,278|~|2,1
1,280|~|2,1
1,281|~|2,1
1,442|~|2,1
1,443|~|2,1
1,1000163|~|2,1
1,1000166|~|2,1
1,1000826|~|2,1
1,1000167|~|2,1
1,542|~|2,1
1,823|~|2,1
1,1001596|~|2,1
1,1001597|~|2,1
1,1005023|~|2,1
1,1005028|~|2,1
1,1005031|~|2,1
1,1003036|~|2,1
1,282|~|2,1
1,1000829|~|2,1
1,1003659|~|2,1
1,1002858|~|2,1
1,928|~|2,1
1,1002205|~|2,1
1,869|~|2,1
1,929|~|2,1
1,930|~|2,1
1,931|~|2,1
1,1002|~|2,1
1,932|~|2,1
1,993|~|2,1
1,868|~|2,1
1,664|~|2,1
1,1001112|~|2,1
1,483|~|2,1
1,1004007|~|2,1
1,1004112|~|2,1
1,1001113|~|2,1
1,517|~|2,1
1,1004431|~|2,1
1,1004113|~|2,1
1,1001114|~|2,1
1,403|~|2,1
1,521|~|2,1
1,1003068|~|2,1
1,1003131|~|2,1
1,543|~|2,1
1,1002484|~|2,1
1,1003663|~|2,1
1,544|~|2,1
1,445|~|2,1
1,1002187|~|2,1
1,1006139|~|2,1
1,1002485|~|2,1
1,446|~|2,1
1,404|~|2,1
1,1001121|~|2,1
1,545|~|2,1
1,1000038|~|2,1
1,1002486|~|2,1
1,1004703|~|2,1
1,1000039|~|2,1
1,1002487|~|2,1
1,1002613|~|2,1
1,447|~|2,1
1,1000040|~|2,1
1,1000041|~|2,1
1,1000536|~|2,1
1,1001127|~|2,1
1,1001334|~|2,1
1,1000042|~|2,1
1,1000043|~|2,1
1,1000538|~|2,1
1,1001129|~|2,1
1,1000044|~|2,1
1,1001130|~|2,1
1,1000045|~|2,1
1,1000046|~|2,1
1,1000047|~|2,1
1,1000048|~|2,1
1,1000049|~|2,1
1,1002215|~|2,1
1,1000544|~|2,1
1,1000050|~|2,1
1,1000051|~|2,1
1,1000052|~|2,1
1,1000547|~|2,1
1,1000053|~|2,1
1,1000548|~|2,1
1,1000054|~|2,1
1,1001140|~|2,1
1,1000055|~|2,1
1,1000056|~|2,1
1,1000057|~|2,1
1,1000058|~|2,1
1,1000059|~|2,1
1,1000060|~|2,1
1,1000061|~|2,1
1,1000062|~|2,1
1,1002488|~|2,1
1,1004701|~|2,1
1,1000063|~|2,1
1,1004700|~|2,1
1,448|~|2,1
1,1000557|~|2,1
1,1001150|~|2,1
1,1001450|~|2,1
1,775|~|2,1
1,1004148|~|2,1
1,1001151|~|2,1
1,1000353|~|2,1
1,1000354|~|2,1
1,776|~|2,1
1,1000356|~|2,1
1,1000357|~|2,1
1,1001909|~|2,1
1,449|~|2,1
1,1001159|~|2,1
1,405|~|2,1
1,406|~|2,1
1,1001161|~|2,1
1,407|~|2,1
1,1000142|~|2,1
1,484|~|2,1
1,1001164|~|2,1
1,1000281|~|2,1
1,1004156|~|2,1
1,1001165|~|2,1
1,12|~|2,1
1,1000360|~|2,1
1,450|~|2,1
1,1004361|~|2,1
1,1004157|~|2,1
1,1001168|~|2,1
1,287|~|2,1
1,1004158|~|2,1
1,1001169|~|2,1
1,276|~|2,1
1,1001170|~|2,1
1,410|~|2,1
1,1004333|~|2,1
1,1001171|~|2,1
1,426|~|2,1
1,1004017|~|2,1
1,1004159|~|2,1
1,1001172|~|2,1
1,1001910|~|2,1
1,1004457|~|2,1
1,1001870|~|2,1
1,1004459|~|2,1
1,1001911|~|2,1
1,1004461|~|2,1
1,1000186|~|2,1
1,1000187|~|2,1
1,1001174|~|2,1
1,1000188|~|2,1
1,1000189|~|2,1
1,1001176|~|2,1
1,1000190|~|2,1
1,1001177|~|2,1
1,1000191|~|2,1
1,1000192|~|2,1
1,1000193|~|2,1
1,1000282|~|2,1
1,1000283|~|2,1
1,1000361|~|2,1
1,1000362|~|2,1
1,1004699|~|2,1
1,1004698|~|2,1
1,1000143|~|2,1
1,1004424|~|2,1
1,1004170|~|2,1
1,1001187|~|2,1
1,1001598|~|2,1
1,1001599|~|2,1
1,1004695|~|2,1
1,1000144|~|2,1
1,1154|~|2,1
1,1016|~|2,1
1,451|~|2,1
1,1001190|~|2,1
1,1002859|~|2,1
1,1002860|~|2,1
1,665|~|2,1
1,716|~|2,1
1,1001191|~|2,1
1,1006138|~|2,1
1,1000145|~|2,1
1,89|~|2,1
1,90|~|2,1
1,91|~|2,1
1,1000146|~|2,1
1,92|~|2,1
1,1001197|~|2,1
1,93|~|2,1
1,1001198|~|2,1
1,94|~|2,1
1,1001199|~|2,1
1,1000370|~|2,1
1,1000064|~|2,1
1,95|~|2,1
1,96|~|2,1
1,97|~|2,1
1,1000065|~|2,1
1,1001205|~|2,1
1,1000168|~|2,1
1,1001206|~|2,1
1,1003665|~|2,1
1,761|~|2,1
1,686|~|2,1
1,687|~|2,1
1,1002489|~|2,1
1,610|~|2,1
1,689|~|2,1
1,1001209|~|2,1
1,688|~|2,1
1,340|~|2,1
1,1002966|~|2,1
1,1004690|~|2,1
1,1000066|~|2,1
1,1000585|~|2,1
1,1001212|~|2,1
1,1000194|~|2,1
1,1000067|~|2,1
1,1000068|~|2,1
1,1000588|~|2,1
1,1000069|~|2,1
1,1000070|~|2,1
1,1000071|~|2,1
1,1000072|~|2,1
1,1000074|~|2,1
1,1000075|~|2,1
1,1000076|~|2,1
1,1000077|~|2,1
1,1000078|~|2,1
1,1000079|~|2,1
1,1000082|~|2,1
1,1002490|~|2,1
1,1004689|~|2,1
1,1004688|~|2,1
1,1004687|~|2,1
1,1004686|~|2,1
1,1004685|~|2,1
1,1003348|~|2,1
1,1000149|~|2,1
1,98|~|2,1
1,99|~|2,1
1,100|~|2,1
1,1003666|~|2,1
1,1000083|~|2,1
1,1000609|~|2,1
1,1001502|~|2,1
1,1003667|~|2,1
1,101|~|2,1
1,1000610|~|2,1
1,1001237|~|2,1
1,1002861|~|2,1
1,1002862|~|2,1
1,1002863|~|2,1
1,1002864|~|2,1
1,1002865|~|2,1
1,1002866|~|2,1
1,102|~|2,1
1,1001238|~|2,1
1,1001504|~|2,1
1,1002867|~|2,1
1,103|~|2,1
1,1001239|~|2,1
1,1000372|~|2,1
1,104|~|2,1
1,1000084|~|2,1
1,1000085|~|2,1
1,1000086|~|2,1
1,1003045|~|2,1
1,105|~|2,1
1,106|~|2,1
1,107|~|2,1
1,1000087|~|2,1
1,1001249|~|2,1
1,1001515|~|2,1
1,1000150|~|2,1
1,1000169|~|2,1
1,1003668|~|2,1
1,1003349|~|2,1
1,1003350|~|2,1
1,1003351|~|2,1
1,1003352|~|2,1
1,1003353|~|2,1
1,1003669|~|2,1
1,1003354|~|2,1
1,1002491|~|2,1
1,1002492|~|2,1
1,507|~|2,1
1,508|~|2,1
1,1000378|~|2,1
1,1001252|~|2,1
1,1003355|~|2,1
1,1003357|~|2,1
1,1003358|~|2,1
1,345|~|2,1
1,329|~|2,1
1,1001254|~|2,1
1,330|~|2,1
1,1003671|~|2,1
1,1003672|~|2,1
1,1003673|~|2,1
1,1003674|~|2,1
1,1003675|~|2,1
1,331|~|2,1
1,1001256|~|2,1
1,1003677|~|2,1
1,1002188|~|2,1
1,332|~|2,1
1,1002493|~|2,1
1,333|~|2,1
1,334|~|2,1
1,1002494|~|2,1
1,1002618|~|2,1
1,1004682|~|2,1
1,452|~|2,1
1,1004681|~|2,1
1,454|~|2,1
1,1002495|~|2,1
1,1004680|~|2,1
1,1000089|~|2,1
1,335|~|2,1
1,1087|~|2,1
1,1002496|~|2,1
1,1002497|~|2,1
1,1000090|~|2,1
1,633|~|2,1
1,1004677|~|2,1
1,1004676|~|2,1
1,1004674|~|2,1
1,1004673|~|2,1
1,336|~|2,1
1,1001266|~|2,1
1,1003678|~|2,1
1,1004672|~|2,1
1,1005024|~|2,1
1,1004671|~|2,1
1,595|~|2,1
1,1002498|~|2,1
1,1000438|~|2,1
1,1000091|~|2,1
1,1003926|~|2,1
1,1004173|~|2,1
1,1000439|~|2,1
1,596|~|2,1
1,1002499|~|2,1
1,1000440|~|2,1
1,1006137|~|2,1
1,637|~|2,1
1,1002500|~|2,1
1,1000092|~|2,1
1,1003961|~|2,1
1,1003999|~|2,1
1,1004174|~|2,1
1,1000441|~|2,1
1,109|~|2,1
1,1004377|~|2,1
1,1004000|~|2,1
1,1004175|~|2,1
1,1000442|~|2,1
1,1006136|~|2,1
1,110|~|2,1
1,1004176|~|2,1
1,1000443|~|2,1
1,111|~|2,1
1,1004177|~|2,1
1,1000444|~|2,1
1,112|~|2,1
1,1004178|~|2,1
1,1000445|~|2,1
1,341|~|2,1
1,1004179|~|2,1
1,1000446|~|2,1
1,1005173|~|2,1
1,1005022|~|2,1
1,1002501|~|2,1
1,1004670|~|2,1
1,342|~|2,1
1,1004180|~|2,1
1,1000447|~|2,1
1,1000170|~|2,1
1,1004181|~|2,1
1,1000448|~|2,1
1,343|~|2,1
1,1004182|~|2,1
1,1000449|~|2,1
1,1000093|~|2,1
1,1004183|~|2,1
1,1000450|~|2,1
1,344|~|2,1
1,1003939|~|2,1
1,1000451|~|2,1
1,1002502|~|2,1
1,346|~|2,1
1,347|~|2,1
1,1004001|~|2,1
1,1004186|~|2,1
1,522|~|2,1
1,1002503|~|2,1
1,1000453|~|2,1
1,1000094|~|2,1
1,1004187|~|2,1
1,1000454|~|2,1
1,1000151|~|2,1
1,1004002|~|2,1
1,1004188|~|2,1
1,1000455|~|2,1
1,349|~|2,1
1,1004189|~|2,1
1,1000456|~|2,1
1,350|~|2,1
1,1004428|~|2,1
1,1004190|~|2,1
1,1000457|~|2,1
1,1000095|~|2,1
1,1000152|~|2,1
1,351|~|2,1
1,352|~|2,1
1,1003946|~|2,1
1,444|~|2,1
1,1004195|~|2,1
1,453|~|2,1
1,1004196|~|2,1
1,485|~|2,1
1,1004197|~|2,1
1,1000464|~|2,1
1,1000171|~|2,1
1,1004198|~|2,1
1,1000317|~|2,1
1,1004199|~|2,1
1,1000318|~|2,1
1,1018|~|2,1
1,1004403|~|2,1
1,353|~|2,1
1,1004201|~|2,1
1,1000468|~|2,1
1,1000153|~|2,1
1,1004202|~|2,1
1,1000469|~|2,1
1,1003679|~|2,1
1,354|~|2,1
1,1004203|~|2,1
1,1000470|~|2,1
1,1000154|~|2,1
1,1004204|~|2,1
1,1000471|~|2,1
1,355|~|2,1
1,1004205|~|2,1
1,1000472|~|2,1
1,1002504|~|2,1
1,1002505|~|2,1
1,356|~|2,1
1,357|~|2,1
1,1004207|~|2,1
1,1004667|~|2,1
1,1000474|~|2,1
1,1000096|~|2,1
1,1004208|~|2,1
1,1000475|~|2,1
1,1000097|~|2,1
1,1004209|~|2,1
1,1000098|~|2,1
1,1000099|~|2,1
1,1000478|~|2,1
1,1000100|~|2,1
1,690|~|2,1
1,1002506|~|2,1
1,691|~|2,1
1,1002507|~|2,1
1,692|~|2,1
1,361|~|2,1
1,362|~|2,1
1,363|~|2,1
1,1004215|~|2,1
1,1000485|~|2,1
1,1006050|~|2,1
1,364|~|2,1
1,1004216|~|2,1
1,1000830|~|2,1
1,365|~|2,1
1,1004217|~|2,1
1,366|~|2,1
1,1004218|~|2,1
1,367|~|2,1
1,708|~|2,1
1,1002508|~|2,1
1,1000833|~|2,1
1,1000101|~|2,1
1,1004220|~|2,1
1,1000834|~|2,1
1,1000102|~|2,1
1,1003922|~|2,1
1,1004221|~|2,1
1,1000835|~|2,1
1,1000103|~|2,1
1,1003944|~|2,1
1,1004222|~|2,1
1,1000836|~|2,1
1,638|~|2,1
1,1000104|~|2,1
1,370|~|2,1
1,371|~|2,1
1,1004225|~|2,1
1,1000840|~|2,1
1,1000155|~|2,1
1,1004226|~|2,1
1,1000841|~|2,1
1,1003681|~|2,1
1,1003359|~|2,1
1,1003682|~|2,1
1,1003683|~|2,1
1,372|~|2,1
1,1000156|~|2,1
1,1004228|~|2,1
1,373|~|2,1
1,1004229|~|2,1
1,1000844|~|2,1
1,374|~|2,1
1,375|~|2,1
1,1004231|~|2,1
1,1000846|~|2,1
1,376|~|2,1
1,1004232|~|2,1
1,378|~|2,1
1,380|~|2,1
1,383|~|2,1
1,1000854|~|2,1
1,291|~|2,1
1,293|~|2,1
1,294|~|2,1
1,295|~|2,1
1,298|~|2,1
1,1000106|~|2,1
1,11|~|2,1
1,299|~|2,1
1,283|~|2,1
1,284|~|2,1
1,285|~|2,1
1,408|~|2,1
1,456|~|2,1
1,289|~|2,1
1,290|~|2,1
1,1000885|~|2,1
1,1005777|~|2,1
1,726|~|2,1
1,466|~|2,1
1,762|~|2,1
1,300|~|2,1
1,1004272|~|2,1
1,312|~|2,1
1,313|~|2,1
1,318|~|2,1
1,763|~|2,1
1,1004335|~|2,1
1,1000892|~|2,1
1,1000374|~|2,1
1,1004362|~|2,1
1,1000893|~|2,1
1,1005049|~|2,1
1,319|~|2,1
1,599|~|2,1
1,322|~|2,1
1,323|~|2,1
1,324|~|2,1
1,328|~|2,1
1,1000903|~|2,1
1,316|~|2,1
1,1004021|~|2,1
1,1004285|~|2,1
1,1000904|~|2,1
1,256|~|2,1
1,1004286|~|2,1
1,1000905|~|2,1
1,258|~|2,1
1,1004332|~|2,1
1,1000906|~|2,1
1,1000157|~|2,1
1,1004028|~|2,1
1,1004287|~|2,1
1,1000907|~|2,1
1,317|~|2,1
1,1004018|~|2,1
1,1001858|~|2,1
1,1004467|~|2,1
1,1001857|~|2,1
1,1006051|~|2,1
1,1153|~|2,1
1,315|~|2,1
1,1003947|~|2,1
1,1004289|~|2,1
1,1004665|~|2,1
1,1004664|~|2,1
1,1000909|~|2,1
1,1001600|~|2,1
1,1004472|~|2,1
1,1004421|~|2,1
1,1004371|~|2,1
1,1001601|~|2,1
1,1004473|~|2,1
1,1004422|~|2,1
1,1004372|~|2,1
1,1000158|~|2,1
1,1004290|~|2,1
1,314|~|2,1
1,1004291|~|2,1
1,1000911|~|2,1
1,301|~|2,1
1,1004493|~|2,1
1,1004292|~|2,1
1,1000912|~|2,1
1,1000108|~|2,1
1,1000319|~|2,1
1,302|~|2,1
1,303|~|2,1
1,304|~|2,1
1,305|~|2,1
1,1004298|~|2,1
1,306|~|2,1
1,307|~|2,1
1,1001602|~|2,1
1,1001603|~|2,1
1,309|~|2,1
1,310|~|2,1
1,1000109|~|2,1
1,509|~|2,1
1,311|~|2,1
1,1000925|~|2,1
1,1002868|~|2,1
1,1003030|~|2,3
1,1001616|~|2,3
1,1002509|~|2,3
1,658|~|2,3
1,1002510|~|2,3
1,659|~|2,3
1,1002511|~|2,3
1,748|~|2,3
1,1001267|~|2,3
1,660|~|2,3
1,1002512|~|2,3
1,1001269|~|2,3
1,1001617|~|2,3
1,1002513|~|2,3
1,1001618|~|2,3
1,1001619|~|2,3
1,1002514|~|2,3
1,1001723|~|2,3
1,1002515|~|2,3
1,1002516|~|2,3
1,202|~|2,3
1,1001270|~|2,3
1,1005050|~|2,3
1,1005051|~|2,3
1,207|~|2,3
1,1001271|~|2,3
1,208|~|2,3
1,209|~|2,3
1,1004662|~|2,3
1,1001273|~|2,3
1,205|~|2,3
1,1006134|~|2,3
1,206|~|2,3
1,1001275|~|2,3
1,210|~|2,3
1,1002189|~|2,3
1,1002190|~|2,3
1,1005794|~|2,3
1,1002191|~|2,3
1,211|~|2,3
1,1003962|~|2,3
1,1001277|~|2,3
1,1005798|~|2,3
1,1005765|~|2,3
1,1005067|~|2,3
1,1005804|~|2,3
1,1005769|~|2,3
1,1005805|~|2,3
1,1001657|~|2,3
1,212|~|2,3
1,1004661|~|2,3
1,1003970|~|2,3
1,1001278|~|2,3
1,1005039|~|2,3
1,1002869|~|2,3
1,1002870|~|2,3
1,1002871|~|2,3
1,1006056|~|2,3
1,1005073|~|2,3
1,1005074|~|2,3
1,1005075|~|2,3
1,1006059|~|2,3
1,1005076|~|2,3
1,1005077|~|2,3
1,1005078|~|2,3
1,1002872|~|2,3
1,1002873|~|2,3
1,1002874|~|2,3
1,1002875|~|2,3
1,1002876|~|2,3
1,626|~|2,3
1,1002192|~|2,3
1,1001279|~|2,3
1,1002193|~|2,3
1,1006133|~|2,3
1,1002204|~|2,3
1,1002518|~|2,3
1,1002519|~|2,3
1,1002520|~|2,3
1,1002521|~|2,3
1,1004660|~|2,3
1,1002522|~|2,3
1,1102|~|2,3
1,1002523|~|2,3
1,1004659|~|2,3
1,1003686|~|2,3
1,718|~|2,3
1,1006132|~|2,3
1,1006131|~|2,3
1,203|~|2,3
1,1006130|~|2,3
1,1001280|~|2,3
1,627|~|2,3
1,1001281|~|2,3
1,1006094|~|2,3
1,204|~|2,3
1,1001282|~|2,3
1,1005025|~|2,3
1,1103|~|2,3
1,1041|~|2,3
1,1002524|~|2,3
1,1003687|~|2,3
1,1139|~|2,3
1,1042|~|2,3
1,1003688|~|2,3
1,1003689|~|2,3
1,1003690|~|2,3
1,1003954|~|2,3
1,574|~|2,3
1,575|~|2,3
1,1003360|~|2,3
1,577|~|2,3
1,578|~|2,3
1,579|~|2,3
1,1043|~|2,3
1,1045|~|2,3
1,486|~|2,3
1,1001346|~|2,3
1,628|~|2,3
1,1001347|~|2,3
1,629|~|2,3
1,1001348|~|2,3
1,630|~|2,3
1,1001349|~|2,3
1,631|~|2,3
1,1104|~|2,3
1,214|~|2,3
1,1003963|~|2,3
1,1003972|~|2,3
1,1001351|~|2,3
1,1005079|~|2,3
1,1005232|~|2,3
1,1005770|~|2,3
1,1004648|~|2,3
1,1005235|~|2,3
1,1005238|~|2,3
1,1005240|~|2,3
1,1005242|~|2,3
1,1005244|~|2,3
1,1005246|~|2,3
1,1005248|~|2,3
1,1005812|~|2,3
1,213|~|2,3
1,1003960|~|2,3
1,1001352|~|2,3
1,1005080|~|2,3
1,1005251|~|2,3
1,1005771|~|2,3
1,725|~|2,3
1,1001353|~|2,3
1,1005253|~|2,3
1,1005255|~|2,3
1,1005257|~|2,3
1,1005259|~|2,3
1,1005261|~|2,3
1,1005263|~|2,3
1,1005265|~|2,3
1,1000110|~|2,3
1,1001354|~|2,3
1,1000111|~|2,3
1,1001355|~|2,3
1,514|~|2,3
1,1001356|~|2,3
1,580|~|2,3
1,1001357|~|2,3
1,1000285|~|2,3
1,1001358|~|2,3
1,1000375|~|2,3
1,1001359|~|2,3
1,1000376|~|2,3
1,1000377|~|2,3
1,1001361|~|2,3
1,830|~|2,3
1,1005267|~|2,3
1,1000379|~|2,3
1,1001362|~|2,3
1,1000380|~|2,3
1,1001363|~|2,3
1,1000381|~|2,3
1,1001364|~|2,3
1,1000382|~|2,3
1,1005269|~|2,3
1,1005271|~|2,3
1,1005273|~|2,3
1,1005275|~|2,3
1,1005277|~|2,3
1,1005279|~|2,3
1,1005281|~|2,3
1,1005283|~|2,3
1,1005285|~|2,3
1,1005288|~|2,3
1,1005290|~|2,3
1,1005293|~|2,3
1,1005296|~|2,3
1,1005299|~|2,3
1,1005302|~|2,3
1,1005305|~|2,3
1,1005833|~|2,3
1,581|~|2,3
1,1001366|~|2,3
1,1003691|~|2,3
1,1003692|~|2,3
1,1001702|~|2,3
1,1001620|~|2,3
1,1001610|~|2,3
1,1001613|~|2,3
1,1001611|~|2,3
1,1001614|~|2,3
1,1001703|~|2,3
1,1001612|~|2,3
1,1001615|~|2,3
1,1001622|~|2,3
1,1001621|~|2,3
1,1006093|~|2,3
1,1044|~|2,3
1,1003361|~|2,3
1,1003362|~|2,3
1,1003693|~|2,3
1,1003694|~|2,3
1,1003363|~|2,3
1,1003364|~|2,3
1,1003695|~|2,3
1,1003697|~|2,3
1,1002525|~|2,3
1,1003698|~|2,3
1,1003699|~|2,3
1,1003700|~|2,3
1,1003701|~|2,3
1,1003702|~|2,3
1,1003703|~|2,3
1,1003704|~|2,3
1,632|~|2,3
1,1001367|~|2,3
1,1004647|~|2,3
1,215|~|2,3
1,1005081|~|2,3
1,1005082|~|2,3
1,1004646|~|2,3
1,1001368|~|2,3
1,1005083|~|2,3
1,1005835|~|2,3
1,1005084|~|2,3
1,1005837|~|2,3
1,1005085|~|2,3
1,1005839|~|2,3
1,1004645|~|2,3
1,1005086|~|2,3
1,1005775|~|2,3
1,1005087|~|2,3
1,1005843|~|2,3
1,1005088|~|2,3
1,1005089|~|2,3
1,1005090|~|2,3
1,1005849|~|2,3
1,1005091|~|2,3
1,1005092|~|2,3
1,1005786|~|2,3
1,1005853|~|2,3
1,1005855|~|2,3
1,1005093|~|2,3
1,1005094|~|2,3
1,1005857|~|2,3
1,1005029|~|2,3
1,1005096|~|2,3
1,933|~|2,1
1,1004494|~|2,1
1,1004369|~|2,1
1,669|~|2,1
1,670|~|2,1
1,652|~|2,1
1,671|~|2,1
1,667|~|2,1
1,1003833|~|2,1
1,1003834|~|2,1
1,1003835|~|2,1
1,1003837|~|2,1
1,1003840|~|2,1
1,1003847|~|2,1
1,1004027|~|2,1
1,1003365|~|2,1
1,1001900|~|2,1
1,218|~|2,1
1,1003977|~|2,1
1,1001376|~|2,1
1,525|~|2,1
1,1004381|~|2,1
1,1004308|~|2,1
1,1001377|~|2,1
1,1000322|~|2,1
1,1001378|~|2,1
1,217|~|2,1
1,1004309|~|2,1
1,1001379|~|2,1
1,216|~|2,1
1,219|~|2,1
1,386|~|2,1
1,1001382|~|2,1
1,1000195|~|2,1
1,220|~|2,1
1,385|~|2,1
1,1004314|~|2,1
1,1000286|~|2,1
1,1004315|~|2,1
1,1001387|~|2,1
1,1006045|~|2,1
1,1000225|~|2,1
1,1004330|~|2,1
1,1001386|~|2,1
1,1006046|~|2,1
1,221|~|2,1
1,1004020|~|2,1
1,1004077|~|2,1
1,1004316|~|2,1
1,1001389|~|2,1
1,1006047|~|2,1
1,1005098|~|2,1
1,1005190|~|2,1
1,1003366|~|2,1
1,1000287|~|2,1
1,1004317|~|2,1
1,1001390|~|2,1
1,1005026|~|2,1
1,636|~|2,1
1,1002526|~|2,1
1,1000112|~|2,1
1,1004644|~|2,1
1,1000113|~|2,1
1,1001393|~|2,1
1,1004643|~|2,1
1,1000226|~|2,1
1,1004328|~|2,1
1,1001394|~|2,1
1,1005802|~|2,1
1,1000114|~|2,1
1,1003997|~|2,1
1,1003996|~|2,1
1,1004394|~|2,1
1,1001395|~|2,1
1,1004642|~|2,1
1,1003367|~|2,1
1,1002528|~|2,1
1,1002529|~|2,1
1,223|~|2,1
1,1004006|~|2,1
1,1004055|~|2,1
1,1003914|~|2,1
1,1004056|~|2,1
1,1004413|~|2,1
1,1004319|~|2,1
1,1004057|~|2,1
1,1004398|~|2,1
1,1004396|~|2,1
1,1004397|~|2,1
1,1004058|~|2,1
1,1004059|~|2,1
1,1000628|~|2,1
1,1001396|~|2,1
1,1006048|~|2,1
1,1005099|~|2,1
1,1005803|~|2,1
1,777|~|2,1
1,1001397|~|2,1
1,1003369|~|2,1
1,1003370|~|2,1
1,1003371|~|2,1
1,1002530|~|2,1
1,1003372|~|2,1
1,1003373|~|2,1
1,1003374|~|2,1
1,1003375|~|2,1
1,1003376|~|2,1
1,1003377|~|2,1
1,1003378|~|2,5
1,1003379|~|2,1
1,1003381|~|2,1
1,1002531|~|2,1
1,1002532|~|2,1
1,1003027|~|2,5
1,1003111|~|2,1
1,1002533|~|2,1
1,224|~|2,1
1,1002534|~|2,1
1,225|~|2,1
1,1004497|~|2,1
1,226|~|2,1
1,1001400|~|2,1
1,227|~|2,1
1,1004486|~|2,1
1,1004641|~|2,1
1,1004640|~|2,1
1,1000115|~|2,1
1,1003955|~|2,1
1,228|~|2,1
1,1004329|~|2,1
1,1001403|~|2,1
1,1002535|~|2,1
1,1000196|~|2,1
1,1004320|~|2,1
1,1001404|~|2,1
1,1000323|~|2,1
1,1004380|~|2,1
1,229|~|2,1
1,1001406|~|2,1
1,399|~|2,1
1,1001912|~|2,1
1,1003706|~|2,1
1,230|~|2,1
1,1001408|~|2,1
1,1000116|~|2,1
1,1001409|~|2,1
1,1073|~|2,1
1,510|~|2,1
1,231|~|2,1
1,1001410|~|2,1
1,1001913|~|2,1
1,232|~|2,1
1,1000197|~|2,1
1,590|~|2,1
1,744|~|2,1
1,745|~|2,1
1,1001415|~|2,1
1,746|~|2,1
1,1002774|~|2,1
1,1002775|~|2,1
1,1074|~|2,1
1,1002184|~|2,1
1,234|~|2,1
1,1004407|~|2,1
1,1004636|~|2,1
1,1004635|~|2,1
1,1002877|~|2,1
1,1002879|~|2,1
1,1000159|~|2,1
1,757|~|2,1
1,1001419|~|2,1
1,1000263|~|2,1
1,1001420|~|2,1
1,1000264|~|2,1
1,1001421|~|2,1
1,1000265|~|2,1
1,1001422|~|2,1
1,1020|~|2,1
1,1021|~|2,1
1,1022|~|2,1
1,235|~|2,1
1,236|~|2,1
1,1003916|~|2,1
1,1001424|~|2,1
1,237|~|2,1
1,1001425|~|2,1
1,695|~|2,1
1,635|~|2,1
1,1001426|~|2,1
1,1002776|~|2,1
1,1002536|~|2,1
1,1075|~|2,1
1,1000275|~|2,1
1,1076|~|2,1
1,1077|~|2,1
1,1078|~|2,1
1,1079|~|2,1
1,1080|~|2,1
1,487|~|2,1
1,1000117|~|2,1
1,1001429|~|2,1
1,1000118|~|2,1
1,1004633|~|2,1
1,1004632|~|2,1
1,1001430|~|2,1
1,1000119|~|2,1
1,1001431|~|2,1
1,1000120|~|2,1
1,1001432|~|2,1
1,1000198|~|2,1
1,1001433|~|2,1
1,1002537|~|2,1
1,1002538|~|2,1
1,1002539|~|2,1
1,1002540|~|2,1
1,765|~|2,1
1,1002880|~|2,1
1,1003190|~|2,1
1,1003191|~|2,1
1,1004325|~|2,1
1,1002881|~|2,1
1,1002882|~|2,1
1,1005027|~|2,1
1,1003707|~|2,1
1,1000276|~|2,1
1,764|~|2,1
1,1004630|~|2,1
1,1004629|~|2,1
1,1004628|~|2,1
1,1001434|~|2,1
1,1002883|~|2,1
1,1001435|~|2,1
1,1002968|~|2,1
1,1004627|~|2,1
1,1048|~|2,1
1,1001436|~|2,1
1,1004626|~|2,1
1,1004625|~|2,1
1,1049|~|2,1
1,1001437|~|2,1
1,1050|~|2,1
1,1001438|~|2,1
1,1000320|~|2,1
1,1004326|~|2,1
1,1004624|~|2,1
1,1004623|~|2,1
1,1000321|~|2,1
1,1004357|~|2,1
1,1004327|~|2,1
1,1000371|~|2,1
1,707|~|2,1
1,1001442|~|2,1
1,239|~|2,1
1,1038|~|2,1
1,714|~|2,1
1,1001443|~|2,1
1,1003080|~|2,1
1,1003085|~|2,1
1,1003087|~|2,1
1,1003082|~|2,1
1,1003081|~|2,1
1,1003084|~|2,1
1,1002914|~|2,1
1,1004622|~|2,1
1,1004621|~|2,1
1,1004620|~|2,1
1,1004618|~|2,1
1,1004617|~|2,1
1,1004616|~|2,1
1,1004615|~|2,1
1,1004614|~|2,1
1,1004613|~|2,1
1,1004611|~|2,1
1,1004610|~|2,1
1,1004609|~|2,1
1,1004608|~|2,1
1,1004606|~|2,1
1,1001743|~|2,2
1,1001841|~|2,2
1,1006061|~|2,2
1,1001762|~|2,2
1,1004552|~|2,2
1,1003745|~|2,2
1,1002221|~|2,2
1,1005888|~|2,2
1,1001658|~|2,2
1,1001842|~|2,2
1,1004553|~|2,2
1,1003469|~|2,2
1,1001808|~|2,2
1,1001810|~|2,2
1,1001811|~|2,2
1,1001809|~|2,2
1,1001812|~|2,2
1,1001890|~|2,2
1,1002087|~|2,2
1,1001825|~|2,2
1,1001774|~|2,2
1,1005889|~|2,2
1,1001749|~|2,2
1,1001853|~|2,2
1,1002778|~|2,2
1,1001818|~|2,2
1,1001683|~|2,2
1,1003470|~|2,2
1,1000339|~|2,2
1,1002892|~|2,2
1,1003746|~|2,2
1,1001819|~|2,2
1,1001687|~|2,2
1,1001635|~|2,2
1,1001645|~|2,2
1,1001647|~|2,2
1,1003747|~|2,2
1,1001882|~|2,2
1,1003471|~|2,2
1,1002586|~|2,2
1,1001636|~|2,2
1,1005890|~|2,2
1,1001628|~|2,2
1,1001867|~|2,2
1,1001815|~|2,2
1,1001724|~|2,2
1,1001721|~|2,2
1,1001644|~|2,2
1,1001688|~|2,2
1,1002646|~|2,2
1,1004822|~|2,2
1,1001722|~|2,2
1,1001854|~|2,2
1,1001648|~|2,2
1,1001860|~|2,2
1,1001859|~|2,2
1,1002587|~|2,2
1,1004554|~|2,2
1,1001826|~|2,2
1,1001872|~|2,2
1,1003177|~|2,2
1,1003178|~|2,2
1,1001802|~|2,2
1,1001775|~|2,2
1,1001846|~|2,2
1,1000182|~|2,3
1,1004820|~|2,4
1,1004815|~|2,4
1,1005908|~|2,4
1,1001880|~|2,4
1,1003207|~|2,4
1,861|~|2,4
1,1002798|~|2,4
1,1002797|~|2,4
1,862|~|2,4
1,779|~|2,4
1,1002094|~|2,4
1,865|~|2,4
1,1003025|~|2,5
1,1001864|~|2,4
1,858|~|2,4
1,1002800|~|2,4
1,1002799|~|2,4
1,935|~|2,4
1,1002802|~|2,4
1,1002801|~|2,4
1,863|~|2,4
1,864|~|2,4
1,1003071|~|2,4
1,1003038|~|2,4
1,934|~|2,4
1,1003028|~|2,4
1,857|~|2,4
1,1003208|~|2,4
1,910|~|2,4
1,1003494|~|2,4
1,1003495|~|2,4
1,939|~|2,4
1,1002804|~|2,4
1,940|~|2,4
1,1003496|~|2,4
1,767|~|2,4
1,1003497|~|2,4
1,941|~|2,4
1,1003498|~|2,4
1,1003499|~|2,4
1,856|~|2,4
1,1003500|~|2,4
1,867|~|2,4
1,859|~|2,4
1,1003501|~|2,4
1,1003502|~|2,4
1,860|~|2,4
1,1003503|~|2,4
1,1003504|~|2,4
1,1003505|~|2,4
1,1003506|~|2,4
1,1003507|~|2,4
1,1003508|~|2,4
1,1003509|~|2,4
1,1003510|~|2,4
1,1003511|~|2,4
1,1003512|~|2,4
1,1003513|~|2,4
1,1003514|~|2,4
1,1003516|~|2,4
1,1003517|~|2,4
1,1003518|~|2,4
1,1003519|~|2,4
1,1003520|~|2,4
1,1006070|~|2,4
1,1006072|~|2,4
1,1006071|~|2,4
1,1006073|~|2,4
1,1006074|~|2,4
1,1006075|~|2,4
1,1006076|~|2,4
1,1006077|~|2,4
1,1006078|~|2,4
1,1003521|~|2,4
1,1003522|~|2,4
1,1003524|~|2,4
1,1003525|~|2,4
1,1003528|~|2,4
1,1003529|~|2,4
1,1003530|~|2,4
1,1003531|~|2,4
1,1003532|~|2,4
1,1003533|~|2,4
1,1003534|~|2,4
1,1003535|~|2,4
1,1003536|~|2,4
1,1003537|~|2,4
1,1003538|~|2,4
1,1003539|~|2,4
1,1003540|~|2,4
1,1002095|~|2,4
1,943|~|2,4
1,944|~|2,4
1,1003031|~|2,4
1,1003032|~|2,4
1,945|~|2,4
1,947|~|2,4
1,948|~|2,4
1,949|~|2,4
1,1006079|~|2,4
1,1006080|~|2,4
1,1006081|~|2,4
1,1003209|~|2,4
1,1003211|~|2,4
1,1003213|~|2,4
1,1003214|~|2,4
1,1002982|~|2,4
1,1002979|~|2,4
1,1002980|~|2,4
1,1002981|~|2,4
1,1002904|~|2,4
1,971|~|2,4
1,1003215|~|2,4
1,1004832|~|2,4
1,1002648|~|2,4
1,1002649|~|2,4
1,1002650|~|2,4
1,1002652|~|2,4
1,1003216|~|2,4
1,1002232|~|2,4
1,1002233|~|2,4
1,1109|~|2,4
1,886|~|2,4
1,1002236|~|2,4
1,1002628|~|2,4
1,1004022|~|2,4
1,781|~|2,4
1,890|~|2,4
1,1004836|~|2,4
1,979|~|2,4
1,1004837|~|2,4
1,1002238|~|2,4
1,1004838|~|2,4
1,1004839|~|2,4
1,1004841|~|2,4
1,1004843|~|2,4
1,1004845|~|2,4
1,1004847|~|2,4
1,1004849|~|2,4
1,1002653|~|2,4
1,1004850|~|2,4
1,1002239|~|2,4
1,1002240|~|2,4
1,980|~|2,4
1,784|~|2,4
1,1003217|~|2,4
1,1002241|~|2,4
1,1002242|~|2,4
1,1002243|~|2,4
1,981|~|2,4
1,1006123|~|2,4
1,1003218|~|2,4
1,1002991|~|2,4
1,1003774|~|2,5
1,1003776|~|2,5
1,1003775|~|2,4
1,1003777|~|2,5
1,1003779|~|2,5
1,1003778|~|2,5
1,1003780|~|2,4
1,1003793|~|2,4
1,1003781|~|2,4
1,1003787|~|2,4
1,1003791|~|2,4
1,1003792|~|2,4
1,1003790|~|2,4
1,1003789|~|2,4
1,1003794|~|2,4
1,1003795|~|2,4
1,1003796|~|2,4
1,1003797|~|2,4
1,1003798|~|2,4
1,1004351|~|2,4
1,1004352|~|2,4
1,1003801|~|2,4
1,1003799|~|2,4
1,1004367|~|2,4
1,1003800|~|2,4
1,1004368|~|2,4
1,1003784|~|2,4
1,1003785|~|2,4
1,1003786|~|2,4
1,1003782|~|2,4
1,1003802|~|2,4
1,1003803|~|2,4
1,1003804|~|2,4
1,1003805|~|2,4
1,1003807|~|2,4
1,1003808|~|2,4
1,1004471|~|2,4
1,1004370|~|2,4
1,1003809|~|2,4
1,1003945|~|2,4
1,1003814|~|2,4
1,1004426|~|2,4
1,1003813|~|2,4
1,1003816|~|2,4
1,1003817|~|2,4
1,1003758|~|2,4
1,1003755|~|2,4
1,1003757|~|2,4
1,1003812|~|2,4
1,1003763|~|2,4
1,1003771|~|2,4
1,1003820|~|2,4
1,1003819|~|2,4
1,1003818|~|2,4
1,1003821|~|2,4
1,1003823|~|2,4
1,1003825|~|2,4
1,1003824|~|2,4
1,1003827|~|2,4
1,1003822|~|2,4
1,1003828|~|2,4
1,1003841|~|2,4
1,1003844|~|2,4
1,1004060|~|2,4
1,1003829|~|2,4
1,1003831|~|2,4
1,1003832|~|2,4
1,1003830|~|2,4
1,1003836|~|2,4
1,1004026|~|2,4
1,1004350|~|2,4
1,1004395|~|2,4
1,1004490|~|2,4
1,1004072|~|2,4
1,1004851|~|2,4
1,1004853|~|2,4
1,1004854|~|2,4
1,788|~|2,4
1,1002244|~|2,4
1,1001652|~|2,4
1,1002657|~|2,4
1,1002245|~|2,4
1,1002246|~|2,4
1,1002247|~|2,4
1,1005910|~|2,4
1,1006155|~|2,4
1,1003219|~|2,4
1,1003220|~|2,4
1,1003542|~|2,4
1,1003543|~|2,4
1,789|~|2,4
1,1002660|~|2,4
1,960|~|2,4
1,1002248|~|2,4
1,1002250|~|2,4
1,1002251|~|2,4
1,1002252|~|2,4
1,1002662|~|2,4
1,1002663|~|2,4
1,1002253|~|2,4
1,1002664|~|2,4
1,1004855|~|2,4
1,1002254|~|2,4
1,1002255|~|2,4
1,1003119|~|2,4
1,1006082|~|2,4
1,1006083|~|2,4
1,1004858|~|2,4
1,1003108|~|2,4
1,1004861|~|2,4
1,1004874|~|2,4
1,1003544|~|2,4
1,1004880|~|2,4
1,1004886|~|2,4
1,1004889|~|2,4
1,1004892|~|2,4
1,1003015|~|2,4
1,1003049|~|2,4
1,1004895|~|2,4
1,1002666|~|2,4
1,1002256|~|2,4
1,1002667|~|2,4
1,1002668|~|2,4
1,1002669|~|2,4
1,1002670|~|2,4
1,1002671|~|2,4
1,1002672|~|2,4
1,1002674|~|2,4
1,1002675|~|2,4
1,1003222|~|2,4
1,950|~|2,4
1,937|~|2,4
1,1000|~|2,4
1,1003223|~|2,4
1,1003224|~|2,4
1,1003225|~|2,4
1,796|~|2,4
1,798|~|2,4
1,984|~|2,4
1,644|~|2,4
1,961|~|2,4
1,807|~|2,4
1,489|~|2,4
1,751|~|2,4
1,1002676|~|2,4
1,1002257|~|2,4
1,1003226|~|2,4
1,1002102|~|2,4
1,1002103|~|2,4
1,973|~|2,4
1,816|~|2,4
1,892|~|2,4
1,891|~|2,4
1,817|~|2,4
1,896|~|2,4
1,897|~|2,4
1,962|~|2,4
1,1003546|~|2,4
1,1004809|~|2,4
1,1002923|~|2,4
1,1004064|~|2,4
1,1004061|~|2,4
1,818|~|2,4
1,1002924|~|2,4
1,819|~|2,4
1,985|~|2,4
1,824|~|2,4
1,831|~|2,4
1,832|~|2,4
1,1003227|~|2,4
1,1002678|~|2,4
1,1002258|~|2,4
1,1002989|~|2,4
1,1002990|~|2,4
1,1006153|~|2,4
1,1002680|~|2,4
1,1002259|~|2,4
1,1002260|~|2,4
1,1002261|~|2,4
1,1002262|~|2,4
1,1002263|~|2,4
1,1002264|~|2,4
1,1002265|~|2,4
1,1002266|~|2,4
1,1002267|~|2,4
1,1002268|~|2,4
1,1000325|~|2,4
1,1002269|~|2,4
1,1002270|~|2,4
1,1002271|~|2,4
1,1002272|~|2,4
1,1002682|~|2,4
1,1002684|~|2,4
1,1003229|~|2,4
1,1003230|~|2,4
1,1003231|~|2,4
1,1002273|~|2,4
1,1002686|~|2,4
1,696|~|2,4
1,1002688|~|2,4
1,1003232|~|2,4
1,1003233|~|2,4
1,1002571|~|2,4
1,1002274|~|2,4
1,1002275|~|2,4
1,1002577|~|2,4
1,699|~|2,4
1,1002576|~|2,4
1,700|~|2,4
1,1002690|~|2,4
1,1002692|~|2,4
1,1003234|~|2,4
1,1002567|~|2,4
1,1002276|~|2,4
1,1002105|~|2,4
1,1002277|~|2,4
1,1002110|~|2,4
1,1002694|~|2,4
1,1002695|~|2,4
1,1002696|~|2,4
1,1002697|~|2,4
1,1003235|~|2,4
1,1003236|~|2,4
1,833|~|2,4
1,898|~|2,4
1,1002698|~|2,4
1,1005936|~|2,4
1,1004062|~|2,4
1,1002278|~|2,4
1,1002279|~|2,4
1,1002280|~|2,4
1,1002805|~|2,4
1,1002281|~|2,4
1,1002806|~|2,4
1,1002282|~|2,4
1,1002283|~|2,4
1,1003002|~|2,5
1,1002983|~|2,5
1,1003102|~|2,4
1,1002984|~|2,5
1,1002985|~|2,5
1,1003033|~|2,5
1,1002986|~|2,5
1,1002987|~|2,5
1,1002988|~|2,5
1,1002992|~|2,5
1,1003005|~|2,5
1,1003009|~|2,5
1,1003011|~|2,5
1,1003012|~|2,5
1,1003013|~|2,5
1,1003237|~|2,4
1,1002993|~|2,5
1,1002994|~|2,4
1,1003000|~|2,5
1,1003551|~|2,4
1,1002921|~|2,5
1,1002999|~|2,5
1,1003103|~|2,4
1,1003008|~|2,5
1,1002995|~|2,5
1,1002996|~|2,5
1,1002997|~|2,5
1,1002998|~|2,5
1,1003007|~|2,5
1,1003076|~|2,5
1,1002284|~|2,4
1,1002285|~|2,4
1,1002286|~|2,4
1,1002287|~|2,4
1,1002288|~|2,4
1,1002289|~|2,4
1,1002290|~|2,4
1,1002291|~|2,4
1,1002292|~|2,4
1,1002293|~|2,4
1,1002294|~|2,4
1,1002295|~|2,4
1,1002548|~|2,4
1,1002297|~|2,4
1,1002298|~|2,4
1,1002299|~|2,4
1,1002300|~|2,4
1,1002301|~|2,4
1,1002302|~|2,4
1,1002701|~|2,4
1,1003239|~|2,4
1,1003240|~|2,4
1,1003241|~|2,4
1,1003242|~|2,4
1,1006084|~|2,4
1,899|~|2,4
1,1002303|~|2,4
1,963|~|2,4
1,834|~|2,4
1,964|~|2,4
1,986|~|2,4
1,965|~|2,4
1,835|~|2,4
1,900|~|2,4
1,1002568|~|2,4
1,836|~|2,4
1,837|~|2,4
1,901|~|2,4
1,838|~|2,4
1,1005946|~|2,4
1,1005947|~|2,4
1,839|~|2,4
1,1003243|~|2,4
1,1003244|~|2,4
1,1003245|~|2,4
1,1002304|~|2,4
1,1002305|~|2,4
1,840|~|2,4
1,841|~|2,4
1,842|~|2,4
1,966|~|2,4
1,843|~|2,4
1,902|~|2,4
1,974|~|2,4
1,844|~|2,4
1,1004063|~|2,4
1,987|~|2,4
1,845|~|2,4
1,903|~|2,4
1,904|~|2,4
1,905|~|2,4
1,846|~|2,4
1,847|~|2,4
1,1138|~|2,4
1,975|~|2,4
1,848|~|2,4
1,906|~|2,4
1,907|~|2,4
1,1004846|~|2,4
1,1004911|~|2,4
1,967|~|2,4
1,1002306|~|2,4
1,849|~|2,4
1,850|~|2,4
1,851|~|2,4
1,968|~|2,4
1,1002307|~|2,4
1,1002308|~|2,4
1,1002309|~|2,4
1,970|~|2,4
1,1002310|~|2,4
1,1002311|~|2,4
1,1002312|~|2,4
1,1002313|~|2,4
1,1002314|~|2,4
1,1002315|~|2,4
1,1002316|~|2,4
1,1002317|~|2,4
1,1002318|~|2,4
1,1002319|~|2,4
1,1002320|~|2,4
1,1002321|~|2,4
1,1002194|~|2,4
1,1002195|~|2,4
1,1002322|~|2,4
1,1046|~|2,4
1,1002323|~|2,4
1,1002324|~|2,4
1,1002325|~|2,4
1,1002326|~|2,4
1,1002327|~|2,4
1,1002328|~|2,4
1,1002329|~|2,4
1,1002549|~|2,4
1,1002330|~|2,4
1,1002331|~|2,4
1,1002332|~|2,4
1,1002333|~|2,4
1,1006152|~|2,4
1,1002334|~|2,4
1,1005953|~|2,4
1,1002335|~|2,4
1,1002336|~|2,4
1,1002112|~|2,4
1,1002337|~|2,4
1,1002703|~|2,4
1,1000326|~|2,4
1,1001769|~|2,4
1,951|~|2,4
1,952|~|2,4
1,1002807|~|2,4
1,1002808|~|2,4
1,953|~|2,4
1,954|~|2,4
1,955|~|2,4
1,956|~|2,4
1,957|~|2,4
1,1001685|~|2,4
1,911|~|2,4
1,1001705|~|2,4
1,1001706|~|2,4
1,587|~|2,4
1,1001707|~|2,4
1,1001708|~|2,4
1,1001709|~|2,4
1,1001710|~|2,4
1,1001711|~|2,4
1,1001713|~|2,4
1,586|~|2,4
1,1001718|~|2,4
1,1001719|~|2,4
1,1001720|~|2,4
1,1006067|~|2,4
1,1001684|~|2,4
1,1002113|~|2,4
1,1005978|~|2,4
1,1002114|~|2,4
1,1003927|~|2,4
1,1006151|~|2,4
1,1002939|~|2,4
1,1002338|~|2,4
1,1003247|~|2,4
1,1002339|~|2,4
1,1002340|~|2,4
1,1002341|~|2,4
1,1003248|~|2,4
1,1003249|~|2,4
1,1002343|~|2,4
1,1002344|~|2,4
1,1002705|~|2,4
1,958|~|2,4
1,1002345|~|2,4
1,1001768|~|2,4
1,959|~|2,4
1,1003250|~|2,4
1,1003251|~|2,4
1,999|~|2,4
1,1003252|~|2,4
1,1002570|~|2,4
1,1002346|~|2,4
1,1002963|~|2,5
1,1002347|~|2,4
1,1002348|~|2,4
1,1003254|~|2,4
1,1002349|~|2,4
1,1002350|~|2,4
1,1002351|~|2,4
1,1003255|~|2,4
1,1002115|~|2,4
1,1025|~|2,4
1,1006087|~|2,4
1,988|~|2,4
1,1002116|~|2,4
1,1002353|~|2,4
1,1003553|~|2,4
1,1003257|~|2,4
1,1003258|~|2,4
1,1003259|~|2,4
1,1003260|~|2,4
1,1003261|~|2,4
1,1003262|~|2,4
1,1003263|~|2,4
1,1001686|~|2,4
1,1002809|~|2,4
1,703|~|2,4
1,1002117|~|2,4
1,1002354|~|2,4
1,1002550|~|2,4
1,1003264|~|2,4
1,1002355|~|2,4
1,1003265|~|2,4
1,1002119|~|2,4
1,1004848|~|2,4
1,1002356|~|2,4
1,1003554|~|2,4
1,1002357|~|2,4
1,852|~|2,4
1,1002358|~|2,4
1,1002359|~|2,4
1,1002360|~|2,4
1,1002361|~|2,4
1,1002362|~|2,4
1,1002363|~|2,4
1,1002364|~|2,4
1,1002365|~|2,4
1,1002366|~|2,4
1,1002367|~|2,4
1,1002368|~|2,4
1,1002369|~|2,4
1,1002370|~|2,4
1,1002371|~|2,4
1,1003266|~|2,4
1,853|~|2,4
1,1006150|~|2,4
1,1006149|~|2,4
1,1006148|~|2,4
1,1002572|~|2,4
1,1003267|~|2,4
1,1002708|~|2,4
1,1002710|~|2,4
1,1003268|~|2,4
1,1002372|~|2,4
1,1002373|~|2,4
1,1002374|~|2,4
1,1002375|~|2,4
1,1003269|~|2,4
1,1003270|~|2,4
1,1002376|~|2,4
1,1002377|~|2,4
1,1002378|~|2,4
1,1002379|~|2,4
1,1035|~|2,4
1,1036|~|2,4
1,1037|~|2,4
1,1039|~|2,4
1,1040|~|2,4
1,1002551|~|2,4
1,1002553|~|2,4
1,1001776|~|2,4
1,1002810|~|2,4
1,1002811|~|2,4
1,1002812|~|2,4
1,1002813|~|2,4
1,1002814|~|2,4
1,1002380|~|2,4
1,1002381|~|2,4
1,1002382|~|2,4
1,717|~|2,4
1,1002554|~|2,4
1,1002555|~|2,4
1,1002556|~|2,4
1,1003948|~|2,4
1,1003956|~|2,4
1,1003953|~|2,4
1,1003957|~|2,4
1,1003958|~|2,4
1,1003964|~|2,4
1,1003965|~|2,4
1,1003966|~|2,4
1,1003967|~|2,4
1,1003968|~|2,4
1,1003555|~|2,4
1,1003974|~|2,4
1,1003047|~|2,4
1,1006147|~|2,4
1,1002557|~|2,4
1,1006036|~|2,4
1,1002711|~|2,4
1,1002713|~|2,4
1,1006088|~|2,4
1,1004807|~|2,4
1,1003556|~|2,4
1,1003272|~|2,4
1,1003273|~|2,4
1,1003274|~|2,4
1,1003275|~|2,4
1,1003276|~|2,4
1,1003277|~|2,4
1,1003278|~|2,4
1,1003279|~|2,4
1,1003280|~|2,4
1,1003281|~|2,4
1,1003282|~|2,4
1,1003283|~|2,4
1,1003284|~|2,4
1,1003285|~|2,4
1,1003286|~|2,4
1,1003287|~|2,4
1,1003288|~|2,4
1,1003289|~|2,4
1,1003290|~|2,4
1,1003291|~|2,4
1,1003292|~|2,4
1,1003293|~|2,4
1,1003294|~|2,4
1,1003295|~|2,4
1,1002714|~|2,4
1,1003559|~|2,4
1,990|~|2,4
1,1003297|~|2,4
1,1002383|~|2,4
1,1002384|~|2,4
1,1002385|~|2,4
1,1003826|~|2,4
1,1003562|~|2,4
1,1002386|~|2,4
1,1002387|~|2,4
1,1002388|~|2,4
1,1002389|~|2,4
1,1002390|~|2,4
1,1002391|~|2,4
1,1002392|~|2,4
1,1002393|~|2,4
1,1004915|~|2,4
1,991|~|2,4
1,1004805|~|2,4
1,992|~|2,4
1,1003|~|2,4
1,1006089|~|2,4
1,1003564|~|2,4
1,1002122|~|2,4
1,1003565|~|2,4
1,1004804|~|2,4
1,1004803|~|2,4
1,1003568|~|2,4
1,1169|~|2,4
1,1170|~|2,4
1,1001|~|2,4
1,972|~|2,4
1,1002394|~|2,4
1,854|~|2,4
1,1002633|~|2,4
1,1171|~|2,4
1,1172|~|2,4
1,1085|~|2,4
1,855|~|2,4
1,1084|~|2,4
1,1004842|~|2,4
1,1004920|~|2,4
1,1004844|~|2,4
1,1004922|~|2,4
1,1002395|~|2,4
1,1003569|~|2,4
1,780|~|2,4
1,1002123|~|2,4
1,1002124|~|2,4
1,1002396|~|2,4
1,1002397|~|2,4
1,1002398|~|2,4
1,1006090|~|2,4
1,1003298|~|2,4
1,1003299|~|2,4
1,1002558|~|2,4
1,1002400|~|2,4
1,1002401|~|2,4
1,1003057|~|2,4
1,1003058|~|2,4
1,1002402|~|2,4
1,1003300|~|2,4
1,1002970|~|2,4
1,1003572|~|2,4
1,1003574|~|2,4
1,1003575|~|2,4
1,1003576|~|2,4
1,1002125|~|2,4
1,1003083|~|2,4
1,1002913|~|2,4
1,1002947|~|2,4
1,1002958|~|2,4
1,1003003|~|2,4
1,1003089|~|2,4
1,1002917|~|2,4
1,1003134|~|2,4
1,1002919|~|2,4
1,1003132|~|2,5
1,1003022|~|2,4
1,1003113|~|2,4
1,1002933|~|2,4
1,1003010|~|2,4
1,1003133|~|2,4
1,722|~|2,4
1,1002126|~|2,4
1,1002926|~|2,4
1,1002928|~|2,4
1,1002929|~|2,4
1,1002930|~|2,4
1,1002931|~|2,4
1,1002932|~|2,4
1,1002922|~|2,4
1,1002934|~|2,4
1,1002944|~|2,4
1,1002206|~|2,4
1,1002127|~|2,4
1,1002128|~|2,4
1,1003301|~|2,4
1,1083|~|2,4
1,1098|~|2,4
1,1092|~|2,4
1,1093|~|2,4
1,1094|~|2,4
1,1091|~|2,4
1,1090|~|2,4
1,1088|~|2,4
1,1089|~|2,4
1,1096|~|2,4
1,1095|~|2,4
1,1097|~|2,4
1,1004065|~|2,4
1,1000183|~|2,4
1,1001807|~|2,4
1,1001893|~|2,4
1,1001896|~|2,4
1,1001758|~|2,4
1,1001760|~|2,4
1,1001753|~|2,4
1,1001759|~|2,4
1,1001844|~|2,4
1,1024|~|2,4
1,1001830|~|2,4
1,1001831|~|2,4
1,1023|~|2,4
1,1006091|~|2,4
1,592|~|2,4
1,1001869|~|2,4
1,1000336|~|2,2
1,1001691|~|2,4
1,1000241|~|2,2
1,1003303|~|2,4
1,1003304|~|2,4
1,1003305|~|2,4
1,1002716|~|2,4
1,1003577|~|2,4
1,1000301|~|2,2
1,1003306|~|2,4
1,1003307|~|2,4
1,1002129|~|2,4
1,1003308|~|2,4
1,1002207|~|2,4
1,1002717|~|2,4
1,1003578|~|2,4
1,1003843|~|2,4
1,1003309|~|2,4
1,1003845|~|2,5
1,1004033|~|2,5
1,1002718|~|2,4
1,1001843|~|2,5
1,1001814|~|2,4
1,1003310|~|2,4
1,1001897|~|2,4
1,1003205|~|2,4
1,1006095|~|2,2
1,1003579|~|2,4
1,697|~|2,4
1,1003065|~|2,4
1,1003073|~|2,4
1,1003074|~|2,4
1,1003128|~|2,4
1,1003067|~|2,4
1,1003129|~|2,4
1,1003077|~|2,4
1,1003066|~|2,4
1,1003130|~|2,4
1,1003311|~|2,4
1,1003312|~|2,4
1,1003314|~|2,4
1,1003315|~|2,4
1,1000259|~|2,2
1,1002720|~|2,4
1,1001903|~|2,4
1,1000177|~|2,4
1,1003581|~|2,4
1,1001871|~|2,4
1,1180|~|2,4
1,1003316|~|2,4
1,1001751|~|2,4
1,1003187|~|2,4
1,1002647|~|2,4
1,1003317|~|2,4
1,1003318|~|2,4
1,1003091|~|2,4
1,1004824|~|2,4
1,1002721|~|2,4
1,1001747|~|2,4
1,1001754|~|2,4
1,1003319|~|2,4
1,1003320|~|2,4
1,1003321|~|2,4
1,1003322|~|2,4
1,1003585|~|2,4
1,1003586|~|2,4
1,1003587|~|2,4
1,747|~|2,4
1,1006065|~|2,4
1,1002132|~|2,4
1,1002133|~|2,4
1,1004066|~|2,4
1,1002884|~|2,4
1,1005200|~|2,4
1,1005202|~|2,4
1,1001914|~|2,4
1,1002725|~|2,4
1,1001772|~|2,4
1,1003382|~|2,4
1,1001813|~|2,4
1,1002727|~|2,4
1,1002728|~|2,4
1,1002729|~|2,4
1,1001569|~|2,4
1,1003199|~|2,4
1,1003709|~|2,4
1,1001823|~|2,4
1,1002151|~|2,4
1,1001696|~|2,4
1,1001694|~|2,4
1,1000180|~|2,4
1,1002152|~|2,4
1,1001827|~|2,4
1,1003383|~|2,4
1,1006066|~|2,4
1,1002730|~|2,4
1,1002731|~|2,4
1,1001915|~|2,4
1,1004605|~|2,4
1,1004604|~|2,4
1,1004603|~|2,4
1,1004602|~|2,4
1,1002153|~|2,4
1,609|~|2,4
1,1002786|~|2,4
1,1002885|~|2,4
1,1005204|~|2,4
1,1005206|~|2,4
1,1003712|~|2,4
1,1002154|~|2,4
1,1002785|~|2,4
1,1002155|~|2,4
1,1005208|~|2,4
1,1002156|~|2,4
1,1002157|~|2,4
1,1002627|~|2,4
1,1000222|~|2,4
1,1006096|~|2,2
1,1003485|~|2,4
1,1002088|~|2,4
1,1003752|~|2,4
1,1002160|~|2,4
1,1004386|~|2,4
1,1004484|~|2,5
1,1004480|~|2,4
1,1004482|~|2,4
1,1003394|~|2,4
1,1002733|~|2,4
1,1003395|~|2,4
1,1001570|~|2,4
1,1001571|~|2,4
1,1000236|~|2,2
1,1000675|~|2,2
1,1000212|~|2,4
1,1003396|~|2,4
1,1003046|~|2,5
1,1003397|~|2,4
1,1003079|~|2,4
1,1000178|~|2,4
1,1000233|~|2,2
1,1003713|~|2,4
1,1002161|~|2,4
1,1001575|~|2,2
1,1000338|~|2,2
1,1000230|~|2,2
1,1001650|~|2,4
1,1001520|~|2,2
1,1002162|~|2,4
1,1002163|~|2,4
1,1000245|~|2,2
1,1000247|~|2,2
1,1001521|~|2,2
1,1001917|~|2,4
1,1001626|~|2,4
1,1001816|~|2,4
1,1003398|~|2,4
1,1002164|~|2,4
1,1001840|~|2,4
1,1001881|~|2,4
1,1004039|~|2,5
1,1004037|~|2,5
1,1004040|~|2,5
1,1006129|~|2,4
1,1002166|~|2,4
1,1173|~|2,4
1,1002167|~|2,4
1,1002734|~|2,4
1,1002735|~|2,4
1,1002736|~|2,4
1,1002737|~|2,4
1,1002738|~|2,4
1,1001606|~|2,4
1,1001268|~|2,4
1,1001737|~|2,4
1,1001738|~|2,4
1,1001740|~|2,4
1,1001693|~|2,4
1,273|~|2,4
1,1003978|~|2,4
1,1003983|~|2,4
1,1003982|~|2,4
1,1000176|~|2,4
1,1000340|~|2,4
1,1155|~|2,4
1,1003979|~|2,4
1,1003984|~|2,4
1,1003981|~|2,4
1,390|~|2,4
1,1000244|~|2,4
1,1001700|~|2,3
1,1001690|~|2,4
1,1001778|~|2,4
1,1003201|~|2,4
1,1004004|~|2,5
1,1001698|~|2,4
1,1001750|~|2,4
1,1003715|~|2,4
1,1001699|~|2,4
1,1000237|~|2,2
1,1001649|~|2,4
1,694|~|2,2
1,1000387|~|2,2
1,1000210|~|2,4
1,1000232|~|2,2
1,1000227|~|2,4
1,1004034|~|2,4
1,1002740|~|2,4
1,1002741|~|2,4
1,1000388|~|2,2
1,1000234|~|2,2
1,1000252|~|2,2
1,1000253|~|2,2
1,1002169|~|2,4
1,1002170|~|2,4
1,1002171|~|2,4
1,1001820|~|2,4
1,1002742|~|2,4
1,1004052|~|2,5
1,62|~|2,4
1,1000258|~|2,4
1,1000334|~|2,4
1,942|~|2,4
1,1001725|~|2,4
1,1002743|~|2,4
1,1003198|~|2,4
1,1003404|~|2,4
1,1003472|~|2,4
1,1003405|~|2,4
1,1003717|~|2,4
1,1003406|~|2,4
1,1003407|~|2,4
1,1003408|~|2,4
1,1003409|~|2,4
1,1003410|~|2,4
1,1003411|~|2,4
1,1003412|~|2,4
1,1003413|~|2,4
1,1003414|~|2,4
1,1003415|~|2,4
1,1003416|~|2,4
1,1000261|~|2,2
1,1000337|~|2,2
1,1006156|~|2,2
1,1002779|~|2,4
1,1004415|~|2,4
1,1003753|~|2,4
1,1004408|~|2,4
1,1004365|~|2,4
1,1002886|~|2,4
1,1001919|~|2,4
1,1003973|~|2,5
1,1003995|~|2,4
1,1006157|~|2,2
1,1000335|~|2,2
1,1001646|~|2,4
1,1001777|~|2,4
1,1004598|~|2,4
1,1004597|~|2,4
1,1004596|~|2,4
1,1004593|~|2,4
1,1004586|~|2,4
1,1004581|~|2,4
1,1004580|~|2,4
1,1004579|~|2,4
1,1004574|~|2,4
1,1004573|~|2,4
1,1004572|~|2,4
1,1004571|~|2,4
1,1000235|~|2,2
1,1002898|~|2,4
1,1003418|~|2,4
1,1003419|~|2,4
1,1003420|~|2,4
1,1001559|~|2,4
1,1004391|~|2,5
1,1004035|~|2,5
1,1000209|~|2,4
1,1005210|~|2,4
1,1005212|~|2,4
1,1004500|~|2,5
1,1004499|~|2,5
1,1002747|~|2,4
1,1003985|~|2,5
1,1001920|~|2,4
1,1006128|~|2,4
1,1003037|~|2,4
1,1001921|~|2,4
1,1003491|~|2,4
1,1003193|~|2,4
1,1003181|~|2,4
1,1003484|~|2,4
1,1126|~|2,4
1,1002749|~|2,4
1,1002750|~|2,4
1,1002751|~|2,4
1,1002752|~|2,4
1,1002753|~|2,4
1,1002754|~|2,4
1,1006127|~|2,4
1,1003421|~|2,4
1,1003422|~|2,4
1,1002755|~|2,4
1,1003200|~|2,4
1,1003487|~|2,4
1,1003090|~|2,4
1,1003486|~|2,4
1,1001763|~|2,4
1,1004031|~|2,5
1,1000630|~|2,4
1,1001886|~|2,4
1,1000248|~|2,2
1,1002756|~|2,4
1,1003182|~|2,4
1,1006126|~|2,4
1,1000926|~|2,4
1,1001388|~|2,4
1,1003720|~|2,4
1,1001773|~|2,4
1,1002757|~|2,4
1,1002758|~|2,4
1,1002759|~|2,4
1,1000294|~|2,4
1,1002172|~|2,4
1,1000392|~|2,4
1,1000391|~|2,4
1,1000389|~|2,4
1,1000629|~|2,4
1,1004825|~|2,5
1,1004826|~|2,5
1,1004828|~|2,5
1,1004827|~|2,5
1,1004829|~|2,5
1,1004831|~|2,5
1,1003751|~|2,5
1,1004559|~|2,5
1,1006104|~|2,5
1,1006158|~|2,2
1,1006159|~|2,2
1,1003189|~|2,5
1,1003195|~|2,4
1,1000266|~|2,4
1,1003424|~|2,4
1,613|~|2,4
1,1003425|~|2,4
1,1003426|~|2,5
1,1000383|~|2,4
1,1001765|~|2,4
1,1000243|~|2,4
1,1003993|~|2,4
1,1004076|~|2,4
1,1004075|~|2,4
1,1004074|~|2,4
1,1004016|~|2,4
1,1004029|~|2,4
1,1003991|~|2,5
1,1004409|~|2,5
1,1004410|~|2,5
1,1004411|~|2,5
1,1003992|~|2,4
1,1004495|~|2,5
1,1003994|~|2,5
1,1004405|~|2,5
1,1004414|~|2,5
1,1004412|~|2,5
1,1004388|~|2,5
1,1004390|~|2,5
1,1004389|~|2,5
1,1004054|~|2,5
1,1004036|~|2,4
1,1001779|~|2,4
1,1001782|~|2,4
1,1001692|~|2,4
1,1001766|~|2,4
1,1001767|~|2,4
1,1003722|~|2,4
1,1002887|~|2,4
1,1002760|~|2,4
1,1003724|~|2,4
1,1000242|~|2,2
1,1002888|~|2,4
1,1005214|~|2,4
1,1005216|~|2,4
1,1005218|~|2,4
1,1005220|~|2,4
1,1005222|~|2,4
1,1005224|~|2,4
1,1005226|~|2,4
1,1005228|~|2,4
1,1005233|~|2,4
1,1001752|~|2,4
1,1004030|~|2,5
1,1000624|~|2,2
1,1001761|~|2,4
1,1001838|~|2,4
1,1002761|~|2,4
1,1000329|~|2,2
1,1000328|~|2,2
1,1003489|~|2,4
1,1003186|~|2,4
1,1003490|~|2,4
1,1003493|~|2,4
1,1003492|~|2,4
1,1001783|~|2,4
1,1003428|~|2,4
1,1003429|~|2,4
1,1003430|~|2,4
1,1006097|~|2,2
1,1004067|~|2,5
1,1004068|~|2,5
1,1157|~|2,4
1,1158|~|2,4
1,1159|~|2,4
1,1160|~|2,4
1,1003726|~|2,4
1,1001757|~|2,5
1,1001756|~|2,5
1,1006124|~|2,4
1,1002762|~|2,4
1,1002174|~|2,4
1,1001926|~|2,4
1,1001755|~|2,5
1,1003727|~|2,4
1,1003050|~|2,4
1,1002763|~|2,4
1,614|~|2,4
1,589|~|2,4
1,1003183|~|2,4
1,1003432|~|2,4
1,1003433|~|2,4
1,1001927|~|2,4
1,1003078|~|2,4
1,1006115|~|2,4
1,1001928|~|2,4
1,1003728|~|2,4
1,1002764|~|2,4
1,1002765|~|2,4
1,1002766|~|2,4
1,1002767|~|2,4
1,1000174|~|2,4
1,1001609|~|2,4
1,1002768|~|2,4
1,1002769|~|2,4
1,828|~|2,4
1,1001929|~|2,4
1,1001932|~|2,4
1,1002889|~|2,4
1,1001930|~|2,4
1,1001931|~|2,4
1,1001697|~|2,4
1,1001689|~|2,4
1,1001780|~|2,4
1,1003434|~|2,4
1,1001543|~|2,4
1,1003435|~|2,4
1,1003436|~|2,4
1,1003437|~|2,4
1,1003729|~|2,4
1,1003730|~|2,4
1,1003731|~|2,4
1,1003732|~|2,4
1,1003733|~|2,4
1,1003748|~|2,4
1,1002787|~|2,4
1,1001933|~|2,4
1,1003438|~|2,4
1,1002175|~|2,4
1,1001519|~|2,2
1,1003734|~|2,4
1,1006098|~|2,2
1,1002890|~|2,4
1,1006125|~|2,4
1,1001940|~|2,4
1,1001981|~|2,4
1,1001982|~|2,4
1,1001983|~|2,4
1,1001984|~|2,4
1,1001985|~|2,4
1,1001986|~|2,4
1,1001987|~|2,4
1,1001988|~|2,4
1,1002063|~|2,4
1,1002082|~|2,4
1,1005236|~|2,4
1,1179|~|2,4
1,1002891|~|2,4
1,1005101|~|2,4
1,1005807|~|2,4
1,1005871|~|2,4
1,1005103|~|2,4
1,1005813|~|2,4
1,1005339|~|2,4
1,1005816|~|2,4
1,1005111|~|2,4
1,1005345|~|2,4
1,1005112|~|2,4
1,1005819|~|2,4
1,1005820|~|2,4
1,1005354|~|2,4
1,1004565|~|2,4
1,1005121|~|2,4
1,1005369|~|2,4
1,1005826|~|2,4
1,1005124|~|2,4
1,1005372|~|2,4
1,1005127|~|2,4
1,1005375|~|2,4
1,1005130|~|2,4
1,1005378|~|2,4
1,1005381|~|2,4
1,1005136|~|2,4
1,1005384|~|2,4
1,1005831|~|2,4
1,1005138|~|2,4
1,1005291|~|2,4
1,1005387|~|2,4
1,1005294|~|2,4
1,1005297|~|2,4
1,1005300|~|2,4
1,1005303|~|2,4
1,1005832|~|2,4
1,1005390|~|2,4
1,1005834|~|2,4
1,1005393|~|2,4
1,1005836|~|2,4
1,1005396|~|2,4
1,1005146|~|2,4
1,1005399|~|2,4
1,1005840|~|2,4
1,1005147|~|2,4
1,1005402|~|2,4
1,1005842|~|2,4
1,1005148|~|2,4
1,1005405|~|2,4
1,1005844|~|2,4
1,1005149|~|2,4
1,1005408|~|2,4
1,1005846|~|2,4
1,1005151|~|2,4
1,1005411|~|2,4
1,1005848|~|2,4
1,1005152|~|2,4
1,1005414|~|2,4
1,1005850|~|2,4
1,1005153|~|2,4
1,1005417|~|2,4
1,1005852|~|2,4
1,1005420|~|2,4
1,1005854|~|2,4
1,1005155|~|2,4
1,1005856|~|2,4
1,1005156|~|2,4
1,1005426|~|2,4
1,1005858|~|2,4
1,1005157|~|2,4
1,1005429|~|2,4
1,1005860|~|2,4
1,1005158|~|2,4
1,1005432|~|2,4
1,1005862|~|2,4
1,1005159|~|2,4
1,1005864|~|2,4
1,1005160|~|2,4
1,1005438|~|2,4
1,1005865|~|2,4
1,1005162|~|2,4
1,1005444|~|2,4
1,1005867|~|2,4
1,1005447|~|2,4
1,1005868|~|2,4
1,1005164|~|2,4
1,1005450|~|2,4
1,1005869|~|2,4
1,1005165|~|2,4
1,1005453|~|2,4
1,1005870|~|2,4
1,1005166|~|2,4
1,1005456|~|2,4
1,1005872|~|2,4
1,1005167|~|2,4
1,1005459|~|2,4
1,1005874|~|2,4
1,1005168|~|2,4
1,1005462|~|2,4
1,1005876|~|2,4
1,1005169|~|2,4
1,1005465|~|2,4
1,1005878|~|2,4
1,1005170|~|2,4
1,1005468|~|2,4
1,1005880|~|2,4
1,1005171|~|2,4
1,1005471|~|2,4
1,1005882|~|2,4
1,1005474|~|2,4
1,1005174|~|2,4
1,1005175|~|2,4
1,1005340|~|2,4
1,1005480|~|2,4
1,1005176|~|2,4
1,1005177|~|2,4
1,1005486|~|2,4
1,1005178|~|2,4
1,1005349|~|2,4
1,1005489|~|2,4
1,1005179|~|2,4
1,1005355|~|2,4
1,1005181|~|2,4
1,1005182|~|2,4
1,1005501|~|2,4
1,1005183|~|2,4
1,1005364|~|2,4
1,1005503|~|2,4
1,1005184|~|2,4
1,1005185|~|2,4
1,1005507|~|2,4
1,1005509|~|2,4
1,1005189|~|2,4
1,1005379|~|2,4
1,1005513|~|2,4
1,1005191|~|2,4
1,1005515|~|2,4
1,1005193|~|2,4
1,1005388|~|2,4
1,1005519|~|2,4
1,1005194|~|2,4
1,1005521|~|2,4
1,1005195|~|2,4
1,1005523|~|2,4
1,1005197|~|2,4
1,1005198|~|2,4
1,1005201|~|2,4
1,1005533|~|2,4
1,1005203|~|2,4
1,1005412|~|2,4
1,1005535|~|2,4
1,1005205|~|2,4
1,1005415|~|2,4
1,1005537|~|2,4
1,1005207|~|2,4
1,1005418|~|2,4
1,1005539|~|2,4
1,1005209|~|2,4
1,1005541|~|2,4
1,1005211|~|2,4
1,1005543|~|2,4
1,1005213|~|2,4
1,1005545|~|2,4
1,1005215|~|2,4
1,1005217|~|2,4
1,1005549|~|2,4
1,1005551|~|2,4
1,1005553|~|2,4
1,1005555|~|2,4
1,1005445|~|2,4
1,1005557|~|2,4
1,1005559|~|2,4
1,1005229|~|2,4
1,1005451|~|2,4
1,1005561|~|2,4
1,1005231|~|2,4
1,1005454|~|2,4
1,1005563|~|2,4
1,1005234|~|2,4
1,1005457|~|2,4
1,1005565|~|2,4
1,1005237|~|2,4
1,1005567|~|2,4
1,1005239|~|2,4
1,1005463|~|2,4
1,1005569|~|2,4
1,1005241|~|2,4
1,1005466|~|2,4
1,1005571|~|2,4
1,1005243|~|2,4
1,1005245|~|2,4
1,1005575|~|2,4
1,1005475|~|2,4
1,1005249|~|2,4
1,1005478|~|2,4
1,1005579|~|2,4
1,1005250|~|2,4
1,1005481|~|2,4
1,1005581|~|2,4
1,1005254|~|2,4
1,1005256|~|2,4
1,1005587|~|2,4
1,1005260|~|2,4
1,1005264|~|2,4
1,1005270|~|2,4
1,1005508|~|2,4
1,1005601|~|2,4
1,1005272|~|2,4
1,1005510|~|2,4
1,1005603|~|2,4
1,1005276|~|2,4
1,1005514|~|2,4
1,1005607|~|2,4
1,1005278|~|2,4
1,1005516|~|2,4
1,1005280|~|2,4
1,1005518|~|2,4
1,1005611|~|2,4
1,1005520|~|2,4
1,1005522|~|2,4
1,1005524|~|2,4
1,1005289|~|2,4
1,1005526|~|2,4
1,1005619|~|2,4
1,1005295|~|2,4
1,1005530|~|2,4
1,1005298|~|2,4
1,1005625|~|2,4
1,1005301|~|2,4
1,1005627|~|2,4
1,1005304|~|2,4
1,1005536|~|2,4
1,1005629|~|2,4
1,1005306|~|2,4
1,1005538|~|2,4
1,1005307|~|2,4
1,1005540|~|2,4
1,1005633|~|2,4
1,1005635|~|2,4
1,1005310|~|2,4
1,1005311|~|2,4
1,1005641|~|2,4
1,1005314|~|2,4
1,1005647|~|2,4
1,1005315|~|2,4
1,1005556|~|2,4
1,1005649|~|2,4
1,1005316|~|2,4
1,1005651|~|2,4
1,1005317|~|2,4
1,1005560|~|2,4
1,1005653|~|2,4
1,1005319|~|2,4
1,1005320|~|2,4
1,1005566|~|2,4
1,1005659|~|2,4
1,1005321|~|2,4
1,1005661|~|2,4
1,1005570|~|2,4
1,1005323|~|2,4
1,1005665|~|2,4
1,1005324|~|2,4
1,1005574|~|2,4
1,1005667|~|2,4
1,1005325|~|2,4
1,1005327|~|2,4
1,1005673|~|2,4
1,1005328|~|2,4
1,1005582|~|2,4
1,1005675|~|2,4
1,1005584|~|2,4
1,1005677|~|2,4
1,1005331|~|2,4
1,1005588|~|2,4
1,1005681|~|2,4
1,1005683|~|2,4
1,1005333|~|2,4
1,1005592|~|2,4
1,1005685|~|2,4
1,1005334|~|2,4
1,1005338|~|2,4
1,1005691|~|2,4
1,1005341|~|2,4
1,1005600|~|2,4
1,1005693|~|2,4
1,1005344|~|2,4
1,1005602|~|2,4
1,1005695|~|2,4
1,1005347|~|2,4
1,1005604|~|2,4
1,1005697|~|2,4
1,1005606|~|2,4
1,1005608|~|2,4
1,1006122|~|2,4
1,1005356|~|2,4
1,1005610|~|2,4
1,1005703|~|2,4
1,1005359|~|2,4
1,1005612|~|2,4
1,1005614|~|2,4
1,1005365|~|2,4
1,1005616|~|2,4
1,1005709|~|2,4
1,1005395|~|2,4
1,1005636|~|2,4
1,1005398|~|2,4
1,1005728|~|2,4
1,1005401|~|2,4
1,1005404|~|2,4
1,1005730|~|2,4
1,1005407|~|2,4
1,1005644|~|2,4
1,1005731|~|2,4
1,1005410|~|2,4
1,1005646|~|2,4
1,1005732|~|2,4
1,1005413|~|2,4
1,1005648|~|2,4
1,1005733|~|2,4
1,1005416|~|2,4
1,1005419|~|2,4
1,1005425|~|2,4
1,1005737|~|2,4
1,1005428|~|2,4
1,1005656|~|2,4
1,1005738|~|2,4
1,1005739|~|2,4
1,1005434|~|2,4
1,1005660|~|2,4
1,1005740|~|2,4
1,1005662|~|2,4
1,1005443|~|2,4
1,1005743|~|2,4
1,1005446|~|2,4
1,1005744|~|2,4
1,1005449|~|2,4
1,1005670|~|2,4
1,1005745|~|2,4
1,1005452|~|2,4
1,1005672|~|2,4
1,1005455|~|2,4
1,1005748|~|2,4
1,1005749|~|2,4
1,1005682|~|2,4
1,1005751|~|2,4
1,1004023|~|2,5
1,827|~|2,4
1,1004356|~|2,5
1,1001868|~|2,5
1,1001781|~|2,5
1,1004392|~|2,5
1,1005470|~|2,4
1,1005684|~|2,4
1,1005752|~|2,4
1,1005473|~|2,4
1,1005686|~|2,4
1,1005753|~|2,4
1,1005476|~|2,4
1,1005754|~|2,4
1,1005479|~|2,4
1,1005692|~|2,4
1,1005694|~|2,4
1,1005696|~|2,4
1,1005698|~|2,4
1,1005700|~|2,4
1,1005702|~|2,4
1,1005704|~|2,4
1,1005706|~|2,4
1,1005708|~|2,4
1,1005710|~|2,4
1,1005718|~|2,4
1,1005720|~|2,4
1,559|~|2,4
1,822|~|2,4
1,815|~|2,4
1,743|~|2,4
1,233|~|2,4
1,1000231|~|2,4
1,806|~|2,4
1,778|~|2,4
1,1000390|~|2,4
1,768|~|2,4
1,1001604|~|2,4
1,1000228|~|2,4
1,1000257|~|2,4
1,602|~|2,4
1,1001630|~|2,4
1,1000342|~|2,4
1,1000341|~|2,4
1,604|~|2,4
1,1000239|~|2,4
1,1001634|~|2,4
1,705|~|2,4
1,826|~|2,4
1,678|~|2,4
1,820|~|2,4
1,825|~|2,4
1,720|~|2,4
1,1001567|~|2,4
1,1001675|~|2,4
1,1001565|~|2,4
1,1001564|~|2,4
1,396|~|2,4
1,395|~|2,4
1,1001568|~|2,4
1,1000324|~|2,5
1,1001625|~|2,5
1,49|~|2,5
1,1001764|~|2,5
1,1001629|~|2,5
1,1001627|~|2,5
1,1000224|~|2,5
1,680|~|2,5
1,1000260|~|2,5
1,1001832|~|2,5
1,1002782|~|2,5
1,1001631|~|2,5
1,1001633|~|2,5
1,1000313|~|2,5
1,1001632|~|2,5
1,1000288|~|2,5
1,1002591|~|2,5
1,1001855|~|2,5
1,1001856|~|2,5
1,603|~|2,5
1,1001624|~|2,5
1,723|~|2,5
1,721|~|2,5
1,795|~|2,5
1,719|~|2,5
1,1000330|~|2,5
1,255|~|2,5
1,711|~|2,5
1,712|~|2,5
1,1001665|~|2,5
1,1001666|~|2,5
1,1001667|~|2,5
1,1001668|~|2,5
1,1001669|~|2,5
1,1001670|~|2,5
1,1001671|~|2,5
1,1001704|~|2,5
1,1001726|~|2,5
1,1001727|~|2,5
1,1001728|~|2,5
1,1001729|~|2,5
1,1001730|~|2,5
1,1001731|~|2,5
1,1001732|~|2,5
1,1001733|~|2,5
1,1001734|~|2,5
1,1001735|~|2,5
1,1001736|~|2,5
1,1001744|~|2,5
1,1001746|~|2,5
1,1001784|~|2,5
1,1001785|~|2,5
1,1001803|~|2,5
1,1001804|~|2,5
1,1001805|~|2,5
1,1001806|~|2,5
1,1001833|~|2,5
1,1001892|~|2,5
1,1001895|~|2,5
1,1001605|~|2,5
1,1002173|~|2,5
1,1001839|~|2,5
1,1000179|~|2,5
1,1001822|~|2,5
1,1001793|~|2,5
1,1001792|~|2,5
1,1001922|~|2,5
1,1001845|~|2,5
1,1001828|~|2,5
1,1001829|~|2,5
1,1001888|~|2,5
1,706|~|2,5
1,389|~|2,5
1,1001676|~|2,7
1,1001677|~|2,7
1,1001672|~|2,7
1,1001673|~|2,7
1,1005230|~|2,7
1,1000305|~|2,7
1,1000306|~|2,7
1,1000303|~|2,7
1,1000304|~|2,7
1,1000302|~|2,7
1,1000311|~|2,7
1,1001876|~|2,7
1,1000314|~|2,7
1,766|~|2,7
1,866|~|2,7
1,936|~|2,7
1,938|~|2,7
1,946|~|2,7
1,1002352|~|2,7
1,1002120|~|2,7
1,1001852|~|2,2
1,1002719|~|2,7
1,1001623|~|2,2
1,611|~|2,7
1,598|~|2,7
1,1001824|~|2,7
1,1001663|~|2,7
1,1001664|~|2,7
1,201|~|2,7
1,1000206|~|2,7
1,1000366|~|2,7
1,1000367|~|2,7
1,1000207|~|2,7
1,1000368|~|2,7
1,1000369|~|2,7
1,1001770|~|2,7
1,1047|~|2,7
1,1001695|~|2,7
1,1001891|~|2,7
1,1001572|~|2,7
1,1001771|~|2,7
1,1001607|~|2,7
1,1051|~|2,7
1,1002006|~|2,7
1,1006451|~|2,2
1,1006180|~|2,2
1,1006452|~|2,2
1,1006181|~|2,2
1,1006234|~|2,2
1,1006182|~|2,2
1,1006235|~|2,2
1,1006236|~|2,2
1,1006183|~|2,2
1,1006237|~|2,2
1,1006453|~|2,2
1,1004476|~|2,5
1,1001894|~|2,5
1,1004053|~|2,5
1,1004051|~|2,5
1,1004046|~|2,5
1,1004047|~|2,5
1,1004049|~|2,5
1,1004041|~|2,5
1,1004044|~|2,5
1,1004050|~|2,5
1,1004045|~|2,5
1,1004038|~|2,5
1,1004042|~|2,5
1,1004043|~|2,5
1,1004048|~|2,5
1,1003846|~|2,5
1,1004830|~|2,5
1,1006239|~|2,5
1,1006103|~|2,5
1,1004485|~|2,5
